FILME,EXAME,ALVO,MIN,MAX,
20TMA12MR,Espessura,20,19.4,20.6,
20TMA12MR,Gramatura,17.4,16.9,17.9,
20TMA12MR,COF NT-NT din imediato,0.55,0.25,0.6,
20TMA12MR,COF NT-NT din,0.35,0.2,0.4,
20TMA12MR,COF T-T din imediato,0.4,0.25,0.5,
20TMA12MR,COF T-T din,0.3,0.2,0.35,
20TMA12MR,Tensão superficial,42,38,46,
20TMA12MR,Faixa de selagem EXT,115,,130,
20TMA12MR,Faixa de selagem INT,105,,125,
20TMA12MR,Força de selagem EXT,400,300,,
20TMA12MR,Força de selagem INT,400,300,,
20TMA12MR,TIS INT,105,100,110,
20TMA12MR,Encolhimento DM,3,,5,
20TMA12MR,Encolhimento DT,1,,3,
20TMA12MR,Brilho 45,55,50,,
20TMA12MR,Brilho Matte,10,,16,
20TMA12MR,Difusão,70,60,,
20TMA12MR,Força de tração DM,140,130,,
20TMA12MR,Força de tração DT,240,220,,
20TMA12MR,Alongamento DM,170,,195,
20TMA12MR,Alongamento DT,50,,70,
20TMA12MR,Módulo elástico DM,1600,,,
20TMA12MR,Módulo elástico DT,2500,,,
20TMA32MR-L2,Espessura,20,19.4,20.6,
20TMA32MR-L2,Gramatura,17.4,16.9,17.9,
20TMA32MR-L2,COF NT-NT din imediato,0.45,0.25,0.52,
20TMA32MR-L2,COF NT-NT din,0.35,0.2,0.4,
20TMA32MR-L2,COF T-T din imediato,0.4,0.25,0.5,
20TMA32MR-L2,COF T-T din,0.3,0.2,0.35,
20TMA32MR-L2,Tensão superficial,42,38,46,
20TMA32MR-L2,Tensão superficial,38,38,42,
20TMA32MR-L2,Faixa de selagem EXT,105,,125,
20TMA32MR-L2,Faixa de selagem INT,105,,125,
20TMA32MR-L2,Força de selagem EXT,400,300,,
20TMA32MR-L2,Força de selagem INT,400,300,,
20TMA32MR-L2,TIS INT,105,100,110,
20TMA32MR-L2,TIS EXT,105,100,110,
20TMA32MR-L2,Encolhimento DM,3,,5,
20TMA32MR-L2,Encolhimento DT,1,,3,
20TMA32MR-L2,Brilho 45,55,50,,
20TMA32MR-L2,Brilho Matte,10,,16,
20TMA32MR-L2,Difusão,70,60,,
20TMA32MR-L2,Força de tração DM,140,130,,
20TMA32MR-L2,Força de tração DT,240,220,,
20TMA32MR-L2,Alongamento DM,170,,195,
20TMA32MR-L2,Alongamento DT,50,,70,
20TMA32MR-L2,Módulo elástico DM,1600,,,
20TMA32MR-L2,Módulo elástico DT,2500,,,
20TMAPLN02MR,Espessura,20,19.4,20.6,
20TMAPLN02MR,Gramatura,17.4,16.9,17.9,
20TMAPLN02MR,COF NT-NT din imediato,0.55,0.25,0.6,
20TMAPLN02MR,COF NT-NT din,0.4,0.2,0.5,
20TMAPLN02MR,COF T-T din imediato,0.4,0.25,0.5,
20TMAPLN02MR,COF T-T din,0.3,0.15,0.35,
20TMAPLN02MR,Tensão superficial,42,38,46,
20TMAPLN02MR,Faixa de selagem EXT,120,117,,
20TMAPLN02MR,Faixa de selagem INT,115,,130,
20TMAPLN02MR,Força de selagem EXT,400,300,,
20TMAPLN02MR,TIS INT,120,117,,
20TMAPLN02MR,TIS EXT,112,100,120,
20TMAPLN02MR,Encolhimento DM,3,,5,
20TMAPLN02MR,Encolhimento DT,1,,3,
20TMAPLN02MR,Brilho 45,55,50,,
20TMAPLN02MR,Brilho Matte,10,,16,
20TMAPLN02MR,Difusão,70,60,,
20TMAPLN02MR,Força de tração DM,140,130,,
20TMAPLN02MR,Força de tração DT,240,220,,
20TMAPLN02MR,Alongamento DM,170,,195,
20TMAPLN02MR,Alongamento DT,50,,80,
20TMAPLN02MR,Módulo elástico DM,1600,,,
20TMAPLN02MR,Módulo elástico DT,2500,,,
15TSB21MR-L3,Espessura,15,14.6,15.5,
15TSB21MR-L3,Gramatura,13.6,13.2,14,
15TSB21MR-L3,COF NT-NT din imediato,0.4,0.2,0.5,
15TSB21MR-L3,COF NT-NT din,0.3,0.2,0.4,
15TSB21MR-L3,Tensão superficial,42,38,46,
15TSB21MR-L3,Força de selagem,350,300,,
15TSB21MR-L3,Faixa de selagem,105,,130,
15TSB21MR-L3,TIS INT,105,100,108,
15TSB21MR-L3,TIS EXT,112,100,120,
15TSB21MR-L3,Encolhimento DM,3,,5,
15TSB21MR-L3,Encolhimento DT,1,,3,
15TSB21MR-L3,Brilho 45,95,80,,
15TSB21MR-L3,DIfusão,1.3,,3,
15TSB21MR-L3,Força de tração DM,140,130,,
15TSB21MR-L3,Força de tração DT,240,220,,
15TSB21MR-L3,Alongamento DM,170,,185,
15TSB21MR-L3,Alongamento DT,50,,70,
15TSB21MR-L3,Módulo elástico DM,1600,,,
15TSB21MR-L3,Módulo elástico DT,2500,,,
17TSB21MR-L3,Espessura,17,16.5,17.5,
17TSB21MR-L3,Gramatura,15.4,14.9,15.8,
17TSB21MR-L3,COF NT-NT din imediato,0.4,0.2,0.5,
17TSB21MR-L3,COF NT-NT din,0.3,0.2,0.4,
17TSB21MR-L3,Tensão superficial,42,38,46,
17TSB21MR-L3,Força de selagem,350,300,,
17TSB21MR-L3,Faixa de selagem,105,,130,
17TSB21MR-L3,TIS INT,105,100,108,
17TSB21MR-L3,TIS EXT,112,100,120,
17TSB21MR-L3,Encolhimento DM,3,,5,
17TSB21MR-L3,Encolhimento DT,1,,3,
17TSB21MR-L3,Brilho 45,95,80,,
17TSB21MR-L3,DIfusão,1.3,,3,
17TSB21MR-L3,Força de tração DM,140,130,,
17TSB21MR-L3,Força de tração DT,240,220,,
17TSB21MR-L3,Alongamento DM,170,,185,
17TSB21MR-L3,Alongamento DT,50,,70,
17TSB21MR-L3,Módulo elástico DM,1600,,,
17TSB21MR-L3,Módulo elástico DT,2500,,,
20TSB21MR-L3,Espessura,20,19.4,20.6,
20TSB21MR-L3,Gramatura,18.1,17.6,18.6,
20TSB21MR-L3,COF NT-NT din imediato,0.4,0.2,0.5,
20TSB21MR-L3,COF NT-NT din,0.3,0.2,0.4,
20TSB21MR-L3,Tensão superficial,42,38,46,
20TSB21MR-L3,Força de selagem,400,300,,
20TSB21MR-L3,Faixa de selagem,105,,130,
20TSB21MR-L3,TIS INT,105,100,108,
20TSB21MR-L3,TIS EXT,112,100,120,
20TSB21MR-L3,Encolhimento DM,3,,5,
20TSB21MR-L3,Encolhimento DT,1,,3,
20TSB21MR-L3,Brilho 45,95,80,,
20TSB21MR-L3,DIfusão,1.3,,3,
20TSB21MR-L3,Força de tração DM,140,130,,
20TSB21MR-L3,Força de tração DT,240,220,,
20TSB21MR-L3,Alongamento DM,170,,185,
20TSB21MR-L3,Alongamento DT,50,,70,
20TSB21MR-L3,Módulo elástico DM,1600,,,
20TSB21MR-L3,Módulo elástico DT,2500,,,
25TSB21MR-L3,Espessura,25,24.3,25.8,
25TSB21MR-L3,Gramatura,22.6,21.9,23.3,
25TSB21MR-L3,COF NT-NT din imediato,0.4,0.2,0.5,
25TSB21MR-L3,COF NT-NT din,0.3,0.2,0.4,
25TSB21MR-L3,Tensão superficial,42,38,46,
25TSB21MR-L3,Força de selagem,430,300,,
25TSB21MR-L3,Faixa de selagem,105,,130,
25TSB21MR-L3,TIS INT,105,100,108,
25TSB21MR-L3,TIS EXT,112,100,120,
25TSB21MR-L3,Encolhimento DM,3,,5,
25TSB21MR-L3,Encolhimento DT,1,,3,
25TSB21MR-L3,Brilho 45,95,80,,
25TSB21MR-L3,DIfusão,1.3,,3,
25TSB21MR-L3,Força de tração DM,140,130,,
25TSB21MR-L3,Força de tração DT,240,220,,
25TSB21MR-L3,Alongamento DM,170,,195,
25TSB21MR-L3,Alongamento DT,50,,70,
25TSB21MR-L3,Módulo elástico DM,1600,,,
25TSB21MR-L3,Módulo elástico DT,2500,,,
30TSB21MR-L3,Espessura,30,29.1,30.9,
30TSB21MR-L3,Gramatura,27.2,26.3,28,
30TSB21MR-L3,COF NT-NT din imediato,0.4,0.2,0.5,
30TSB21MR-L3,COF NT-NT din,0.3,0.2,0.4,
30TSB21MR-L3,Tensão superficial,42,38,46,
30TSB21MR-L3,Força de selagem,450,300,,
30TSB21MR-L3,Faixa de selagem,105,,130,
30TSB21MR-L3,TIS INT,105,100,108,
30TSB21MR-L3,TIS EXT,112,100,120,
30TSB21MR-L3,Encolhimento DM,3,,5,
30TSB21MR-L3,Encolhimento DT,1,,3,
30TSB21MR-L3,Brilho 45,95,80,,
30TSB21MR-L3,DIfusão,1.3,,3,
30TSB21MR-L3,Força de tração DM,140,130,,
30TSB21MR-L3,Força de tração DT,240,220,,
30TSB21MR-L3,Alongamento DM,170,,195,
30TSB21MR-L3,Alongamento DT,50,,70,
30TSB21MR-L3,Módulo elástico DM,1600,,,
30TSB21MR-L3,Módulo elástico DT,2500,,,
45TSB21MR-L3,Espessura,45,43.7,46.4,
45TSB21MR-L3,Gramatura,40.7,39.5,41.9,
45TSB21MR-L3,COF NT-NT din imediato,0.4,0.2,0.5,
45TSB21MR-L3,COF NT-NT din,0.3,0.2,0.4,
45TSB21MR-L3,Tensão superficial,42,38,46,
45TSB21MR-L3,Força de selagem,500,300,,
45TSB21MR-L3,Faixa de selagem,105,,130,
45TSB21MR-L3,TIS INT,105,100,108,
45TSB21MR-L3,TIS EXT,112,100,120,
45TSB21MR-L3,Encolhimento DM,3,,5,
45TSB21MR-L3,Encolhimento DT,1,,3,
45TSB21MR-L3,Brilho 45,95,80,,
45TSB21MR-L3,DIfusão,1.3,,3,
45TSB21MR-L3,Força de tração DM,140,130,,
45TSB21MR-L3,Força de tração DT,240,220,,
45TSB21MR-L3,Alongamento DM,220,,260,
45TSB21MR-L3,Alongamento DT,60,,80,
45TSB21MR-L3,Módulo elástico DM,1600,,,
45TSB21MR-L3,Módulo elástico DT,2500,,,
50TSB21MR-L3,Espessura,50,48.5,51.5,
50TSB21MR-L3,Gramatura,45.3,43.9,46.6,
50TSB21MR-L3,COF NT-NT din imediato,0.4,0.2,0.5,
50TSB21MR-L3,COF NT-NT din,0.3,0.2,0.4,
50TSB21MR-L3,Tensão superficial,42,38,46,
50TSB21MR-L3,Força de selagem,550,300,,
50TSB21MR-L3,Faixa de selagem,105,,130,
50TSB21MR-L3,TIS INT,105,100,108,
50TSB21MR-L3,TIS EXT,112,100,120,
50TSB21MR-L3,Encolhimento DM,3,,5,
50TSB21MR-L3,Encolhimento DT,1,,3,
50TSB21MR-L3,Brilho 45,95,80,,
50TSB21MR-L3,DIfusão,1.3,,3,
50TSB21MR-L3,Força de tração DM,140,130,,
50TSB21MR-L3,Força de tração DT,240,220,,
50TSB21MR-L3,Alongamento DM,220,,260,
50TSB21MR-L3,Alongamento DT,60,,80,
50TSB21MR-L3,Módulo elástico DM,1600,,,
50TSB21MR-L3,Módulo elástico DT,2500,,,
20TFCL8230MR,Espessura,20,19.4,20.6,
20TFCL8230MR,Gramatura,18.3,17.7,18.8,
20TFCL8230MR,COF INT-INT din imediato,0.25,0.18,0.35,
20TFCL8230MR,COF EXT-EXT din imediato,0.25,0.18,0.35,
20TFCL8230MR,COF INT-INT din,0.25,0.18,0.3,
20TFCL8230MR,COF EXT-EXT din,0.25,0.18,0.3,
20TFCL8230MR,Força de selagem,400,300,,
20TFCL8230MR,Faixa de selagem,82,,125,
20TFCL8230MR,TIS INT,82,,86,
20TFCL8230MR,TIS EXT,82,,86,
20TFCL8230MR,Encolhimento DM,6,5,,
20TFCL8230MR,Encolhimento DT,4,3,,
20TFCL8230MR,Brilho 45,95,85,,
20TFCL8230MR,DIfusão,1.8,,2.5,
20TFCL8230MR,Força de tração DM,160,130,,
20TFCL8230MR,Força de tração DT,240,220,,
20TFCL8230MR,Alongamento DM,160,,195,
20TFCL8230MR,Alongamento DT,50,,70,
20TFCL8230MR,Módulo elástico DM,1900,,,
20TFCL8230MR,Módulo elástico DT,2800,,,
25TFCL8230MR,Espessura,25,24.3,25.8,
25TFCL8230MR,Gramatura,22.8,22.1,23.5,
25TFCL8230MR,COF INT-INT din imediato,0.25,0.18,0.35,
25TFCL8230MR,COF EXT-EXT din imediato,0.25,0.18,0.35,
25TFCL8230MR,COF INT-INT din,0.25,0.18,0.3,
25TFCL8230MR,COF EXT-EXT din,0.25,0.18,0.3,
25TFCL8230MR,Força de selagem,400,300,,
25TFCL8230MR,Faixa de selagem,82,,125,
25TFCL8230MR,TIS INT,82,,86,
25TFCL8230MR,TIS EXT,82,,86,
25TFCL8230MR,Encolhimento DM,6,5,,
25TFCL8230MR,Encolhimento DT,4,3,,
25TFCL8230MR,Brilho 45,95,85,,
25TFCL8230MR,DIfusão,1.8,,2.5,
25TFCL8230MR,Força de tração DM,160,130,,
25TFCL8230MR,Força de tração DT,240,220,,
25TFCL8230MR,Alongamento DM,160,,195,
25TFCL8230MR,Alongamento DT,50,,70,
25TFCL8230MR,Módulo elástico DM,1900,,,
25TFCL8230MR,Módulo elástico DT,2800,,,
19TBPCSL32MR-L2,Espessura,25.3,24,26.7,
19TBPCSL32MR-L2,Gramatura,19,18,20,
19TBPCSL32MR-L2,COF NT-NT din imediato,0.35,0.2,0.45,
19TBPCSL32MR-L2,COF T-T din imediato,0.35,0.2,0.45,
19TBPCSL32MR-L2,COF NT-NT din,0.3,0.2,0.4,
19TBPCSL32MR-L2,COF T-T din,0.3,0.2,0.4,
19TBPCSL32MR-L2,Tensão superficial,42,38,46,
19TBPCSL32MR-L2,Força de selagem,350,300,,
19TBPCSL32MR-L2,Faixa de selagem,105,,130,
19TBPCSL32MR-L2,TIS INT,105,100,108,
19TBPCSL32MR-L2,TIS EXT,112,100,120,
19TBPCSL32MR-L2,Encolhimento DM,3,,5,
19TBPCSL32MR-L2,Encolhimento DT,1,,3,
19TBPCSL32MR-L2,Brilho 45,85,77,,
19TBPCSL32MR-L2,Opacidade,80,75,88,
19TBPCSL32MR-L2,Haze,29,21,34,
19TBPCSL32MR-L2,Força de tração DM,80,60,,
19TBPCSL32MR-L2,Força de tração DT,140,110,,
19TBPCSL32MR-L2,Alongamento DM,120,,160,
19TBPCSL32MR-L2,Alongamento DT,40,,60,
19TBPCSL32MR-L2,Módulo elástico DM,1200,,,
19TBPCSL32MR-L2,Módulo elástico DT,1700,,,
22TBPCSL32MR-L2,Espessura,29.3,28,30.7,
22TBPCSL32MR-L2,Gramatura,22,21,23,
22TBPCSL32MR-L2,COF INT-INT din imediato,0.35,0.2,0.45,
22TBPCSL32MR-L2,COF EXT-EXT din imediato,0.35,0.2,0.45,
22TBPCSL32MR-L2,COF INT-INT din,0.3,0.2,0.4,
22TBPCSL32MR-L2,COF EXT-EXT din,0.3,0.2,0.4,
22TBPCSL32MR-L2,Tensão superficial,42,38,46,
22TBPCSL32MR-L2,Força de selagem,390,300,,
22TBPCSL32MR-L2,Faixa de selagem,105,,130,
22TBPCSL32MR-L2,TIS INT,105,100,108,
22TBPCSL32MR-L2,TIS EXT,112,100,120,
22TBPCSL32MR-L2,Encolhimento DM,3,,5,
22TBPCSL32MR-L2,Encolhimento DT,1,,3,
22TBPCSL32MR-L2,Brilho 45,85,77,,
22TBPCSL32MR-L2,Opacidade,80,75,88,
22TBPCSL32MR-L2,Haze,29,21,34,
22TBPCSL32MR-L2,Força de tração DM,80,60,,
22TBPCSL32MR-L2,Força de tração DT,140,110,,
22TBPCSL32MR-L2,Alongamento DM,120,,160,
22TBPCSL32MR-L2,Alongamento DT,40,,60,
22TBPCSL32MR-L2,Módulo elástico DM,1200,,,
22TBPCSL32MR-L2,Módulo elástico DT,1700,,,
20TFC30MR,Espessura,20,19.4,20.6,
20TFC30MR,Gramatura,18.3,17.7,18.8,
20TFC30MR,COF INT-INT din imediato,0.23,0.18,0.3,
20TFC30MR,COF EXT-EXT din imediato,0.23,0.18,0.3,
20TFC30MR,COF INT-INT din,0.23,0.18,0.3,
20TFC30MR,COF EXT-EXT din,0.23,0.18,0.3,
20TFC30MR,Faixa de selagem,105,,130,
20TFC30MR,Força de selagem,400,300,,
20TFC30MR,TIS INT,105,,108,
20TFC30MR,TIS EXT,105,,108,
20TFC30MR,Encolhimento DM,6,5,,
20TFC30MR,Encolhimento DT,4,3,,
20TFC30MR,Brilho 45,95,85,,
20TFC30MR,DIfusão,1.8,,2.5,
20TFC30MR,Força de tração DM,160,130,,
20TFC30MR,Força de tração DT,240,220,,
20TFC30MR,Alongamento DM,160,,195,
20TFC30MR,Alongamento DT,50,,70,
20TFC30MR,Módulo elástico DM,1900,,,
20TFC30MR,Módulo elástico DT,2800,,,
25TFC30MR,Espessura,25,24.3,25.8,
25TFC30MR,Gramatura,22.8,22.1,23.5,
25TFC30MR,COF INT-INT din imediato,0.23,0.18,0.3,
25TFC30MR,COF EXT-EXT din imediato,0.23,0.18,0.3,
25TFC30MR,COF INT-INT din,0.23,0.18,0.3,
25TFC30MR,COF EXT-EXT din,0.23,0.18,0.3,
25TFC30MR,Faixa de selagem,105,,130,
25TFC30MR,Força de selagem,400,300,,
25TFC30MR,TIS INT,105,,108,
25TFC30MR,TIS EXT,105,,108,
25TFC30MR,Encolhimento DM,6,5,,
25TFC30MR,Encolhimento DT,4,3,,
25TFC30MR,Brilho 45,95,85,,
25TFC30MR,DIfusão,1.8,,2.5,
25TFC30MR,Força de tração DM,160,130,,
25TFC30MR,Força de tração DT,240,220,,
25TFC30MR,Alongamento DM,160,,195,
25TFC30MR,Alongamento DT,50,,70,
25TFC30MR,Módulo elástico DM,1900,,,
25TFC30MR,Módulo elástico DT,2800,,,
30TFC30MR,Espessura,30,29.1,30.9,
30TFC30MR,Gramatura,27.4,26.6,28.2,
30TFC30MR,COF INT-INT din imediato,0.23,0.18,0.3,
30TFC30MR,COF EXT-EXT din imediato,0.23,0.18,0.3,
30TFC30MR,COF INT-INT din,0.23,0.18,0.3,
30TFC30MR,COF EXT-EXT din,0.23,0.18,0.3,
30TFC30MR,Faixa de selagem,105,,130,
30TFC30MR,Força de selagem,400,300,,
30TFC30MR,TIS INT,105,,108,
30TFC30MR,TIS EXT,105,,108,
30TFC30MR,Encolhimento DM,6,5,,
30TFC30MR,Encolhimento DT,4,3,,
30TFC30MR,Brilho 45,95,85,,
30TFC30MR,DIfusão,1.8,,2.5,
30TFC30MR,Força de tração DM,160,130,,
30TFC30MR,Força de tração DT,240,220,,
30TFC30MR,Alongamento DM,160,,195,
30TFC30MR,Alongamento DT,50,,70,
30TFC30MR,Módulo elástico DM,1900,,,
30TFC30MR,Módulo elástico DT,2800,,,
15TSY32MR,Espessura,15,14.6,15.5,
17TSY32MR,Espessura,17,16.5,17.5,
18TSY32MR,Espessura,18,17.5,18.5,
20TSY32MR,Espessura,20,19.4,20.6,
22TSY32MR,Espessura,22,21.3,22.7,
25TSY32MR-L2,Espessura,25,24.3,25.8,
30TSY32MR-L3,Espessura,30,29.1,30.9,
35TSY32MR-L2,Espessura,35,34,36.1,
40TSY32MR-L2,Espessura,40,38.8,41.2,
50TSY32MR-L2,Espessura,50,48.5,51.5,
15TSY32MR,Gramatura,13.6,13.2,14,
17TSY32MR,Gramatura,15.4,14.9,15.8,
18TSY32MR,Gramatura,16.3,15.8,16.8,
20TSY32MR,Gramatura,18.1,17.6,18.6,
22TSY32MR,Gramatura,19.9,19.3,20.5,
25TSY32MR-L2,Gramatura,22.6,21.9,23.3,
30TSY32MR-L3,Gramatura,27.2,26.3,28,
35TSY32MR-L2,Gramatura,31.7,30.7,32.6,
40TSY32MR-L2,Gramatura,36.2,35.1,37.3,
50TSY32MR-L2,Gramatura,45.3,43.9,46.6,
15TSY32MR,Alongamento DM,170,,185,
15TSY32MR,Alongamento DT,50,,70,
17TSY32MR,Alongamento DM,170,,185,
17TSY32MR,Alongamento DT,50,,70,
18TSY32MR,Alongamento DM,170,,185,
18TSY32MR,Alongamento DT,50,,70,
20TSY32MR,Alongamento DM,170,,185,
20TSY32MR,Alongamento DT,50,,70,
22TSY32MR,Alongamento DM,170,,200,
22TSY32MR,Alongamento DT,50,,70,
25TSY32MR-L2,Alongamento DM,170,,200,
25TSY32MR-L2,Alongamento DT,50,,70,
30TSY32MR-L3,Alongamento DM,180,,205,
30TSY32MR-L3,Alongamento DT,60,,80,
35TSY32MR-L2,Alongamento DM,180,,205,
35TSY32MR-L2,Alongamento DT,60,,80,
40TSY32MR-L2,Alongamento DM,180,,205,
40TSY32MR-L2,Alongamento DT,60,,80,
50TSY32MR-L2,Alongamento DM,220,,260,
50TSY32MR-L2,Alongamento DT,60,,80,
15TSY32MR,COF NT-NT din imediato,0.35,0.2,0.4,
15TSY32MR,COF NT-NT din,0.4,0.2,0.65,
15TSY32MR,COF T-T din imediato,0.25,0.2,0.3,
15TSY32MR,COF T-T din,0.25,0.2,0.3,
15TSY32MR,Tensão superficial,42,38,46,
15TSY32MR,TIS NT-NT,105,,108,
15TSY32MR,TIS T-T,112,,120,
15TSY32MR,Encolhimento DM,3,,5,
15TSY32MR,Encolhimento DT,1,,3,
15TSY32MR,Brilho 45,90,80,,
15TSY32MR,DIfusão,1.6,,3,
15TSY32MR,Força de tração DM,140,130,,
15TSY32MR,Força de tração DT,240,220,,
15TSY32MR,Módulo elástico DM,1700,,,
15TSY32MR,Módulo elástico DT,2500,,,
17TSY32MR,COF NT-NT din imediato,0.35,0.2,0.4,
17TSY32MR,COF NT-NT din,0.4,0.2,0.65,
17TSY32MR,COF T-T din imediato,0.25,0.2,0.3,
17TSY32MR,COF T-T din,0.25,0.2,0.3,
17TSY32MR,Tensão superficial,42,38,46,
17TSY32MR,TIS NT-NT,105,,108,
17TSY32MR,TIS T-T,112,,120,
17TSY32MR,Encolhimento DM,3,,5,
17TSY32MR,Encolhimento DT,1,,3,
17TSY32MR,Brilho 45,90,80,,
17TSY32MR,DIfusão,1.6,,3,
17TSY32MR,Força de tração DM,140,130,,
17TSY32MR,Força de tração DT,240,220,,
17TSY32MR,Módulo elástico DM,1700,,,
17TSY32MR,Módulo elástico DT,2500,,,
18TSY32MR,COF NT-NT din imediato,0.35,0.2,0.4,
18TSY32MR,COF NT-NT din,0.4,0.2,0.65,
18TSY32MR,COF T-T din imediato,0.25,0.2,0.3,
18TSY32MR,COF T-T din,0.25,0.2,0.3,
18TSY32MR,Tensão superficial,42,38,46,
18TSY32MR,TIS NT-NT,105,,108,
18TSY32MR,TIS T-T,112,,120,
18TSY32MR,Encolhimento DM,3,,5,
18TSY32MR,Encolhimento DT,1,,3,
18TSY32MR,Brilho 45,90,80,,
18TSY32MR,DIfusão,1.6,,3,
18TSY32MR,Força de tração DM,140,130,,
18TSY32MR,Força de tração DT,240,220,,
18TSY32MR,Módulo elástico DM,1700,,,
18TSY32MR,Módulo elástico DT,2500,,,
20TSY32MR,COF NT-NT din imediato,0.35,0.2,0.4,
20TSY32MR,COF NT-NT din,0.4,0.2,0.65,
20TSY32MR,COF T-T din imediato,0.25,0.2,0.3,
20TSY32MR,COF T-T din,0.25,0.2,0.3,
20TSY32MR,Tensão superficial,42,38,46,
20TSY32MR,TIS NT-NT,105,,108,
20TSY32MR,TIS T-T,112,,120,
20TSY32MR,Encolhimento DM,3,,5,
20TSY32MR,Encolhimento DT,1,,3,
20TSY32MR,Brilho 45,90,80,,
20TSY32MR,DIfusão,1.6,,3,
20TSY32MR,Força de tração DM,140,130,,
20TSY32MR,Força de tração DT,240,220,,
20TSY32MR,Módulo elástico DM,1700,,,
20TSY32MR,Módulo elástico DT,2500,,,
22TSY32MR,COF NT-NT din imediato,0.35,0.2,0.4,
22TSY32MR,COF NT-NT din,0.4,0.2,0.65,
22TSY32MR,COF T-T din imediato,0.25,0.2,0.3,
22TSY32MR,COF T-T din,0.25,0.2,0.3,
22TSY32MR,Tensão superficial,42,38,46,
22TSY32MR,TIS NT-NT,105,,108,
22TSY32MR,TIS T-T,112,,120,
22TSY32MR,Encolhimento DM,3,,5,
22TSY32MR,Encolhimento DT,1,,3,
22TSY32MR,Brilho 45,90,80,,
22TSY32MR,DIfusão,1.6,,3,
22TSY32MR,Força de tração DM,140,130,,
22TSY32MR,Força de tração DT,240,220,,
22TSY32MR,Módulo elástico DM,1700,,,
22TSY32MR,Módulo elástico DT,2500,,,
25TSY32MR-L2,COF NT-NT din imediato,0.35,0.2,0.4,
25TSY32MR-L2,COF NT-NT din,0.4,0.2,0.65,
25TSY32MR-L2,COF T-T din imediato,0.25,0.2,0.3,
25TSY32MR-L2,COF T-T din,0.25,0.2,0.3,
25TSY32MR-L2,Tensão superficial,42,38,46,
25TSY32MR-L2,TIS NT-NT,105,,108,
25TSY32MR-L2,TIS T-T,112,,120,
25TSY32MR-L2,Encolhimento DM,3,,5,
25TSY32MR-L2,Encolhimento DT,1,,3,
25TSY32MR-L2,Brilho 45,90,80,,
25TSY32MR-L2,DIfusão,1.6,,3,
25TSY32MR-L2,Força de tração DM,140,130,,
25TSY32MR-L2,Força de tração DT,240,220,,
25TSY32MR-L2,Módulo elástico DM,1700,,,
25TSY32MR-L2,Módulo elástico DT,2500,,,
30TSY32MR-L3,COF NT-NT din imediato,0.35,0.2,0.4,
30TSY32MR-L3,COF NT-NT din,0.4,0.2,0.65,
30TSY32MR-L3,COF T-T din imediato,0.25,0.2,0.3,
30TSY32MR-L3,COF T-T din,0.25,0.2,0.3,
30TSY32MR-L3,Tensão superficial,42,38,46,
30TSY32MR-L3,TIS NT-NT,105,,108,
30TSY32MR-L3,TIS T-T,112,,120,
30TSY32MR-L3,Encolhimento DM,3,,5,
30TSY32MR-L3,Encolhimento DT,1,,3,
30TSY32MR-L3,Brilho 45,90,80,,
30TSY32MR-L3,DIfusão,1.6,,3,
30TSY32MR-L3,Força de tração DM,140,130,,
30TSY32MR-L3,Força de tração DT,240,220,,
30TSY32MR-L3,Módulo elástico DM,1700,,,
30TSY32MR-L3,Módulo elástico DT,2500,,,
35TSY32MR-L2,COF NT-NT din imediato,0.35,0.2,0.4,
35TSY32MR-L2,COF NT-NT din,0.4,0.2,0.65,
35TSY32MR-L2,COF T-T din imediato,0.25,0.2,0.3,
35TSY32MR-L2,COF T-T din,0.25,0.2,0.3,
35TSY32MR-L2,Tensão superficial,42,38,46,
35TSY32MR-L2,TIS NT-NT,105,,108,
35TSY32MR-L2,TIS T-T,112,,120,
35TSY32MR-L2,Encolhimento DM,3,,5,
35TSY32MR-L2,Encolhimento DT,1,,3,
35TSY32MR-L2,Brilho 45,90,80,,
35TSY32MR-L2,DIfusão,1.6,,3,
35TSY32MR-L2,Força de tração DM,140,130,,
35TSY32MR-L2,Força de tração DT,240,220,,
35TSY32MR-L2,Módulo elástico DM,1700,,,
35TSY32MR-L2,Módulo elástico DT,2500,,,
40TSY32MR-L2,COF NT-NT din imediato,0.35,0.2,0.4,
40TSY32MR-L2,COF NT-NT din,0.4,0.2,0.65,
40TSY32MR-L2,COF T-T din imediato,0.25,0.2,0.3,
40TSY32MR-L2,COF T-T din,0.25,0.2,0.3,
40TSY32MR-L2,Tensão superficial,42,38,46,
40TSY32MR-L2,TIS NT-NT,105,,108,
40TSY32MR-L2,TIS T-T,112,,120,
40TSY32MR-L2,Encolhimento DM,3,,5,
40TSY32MR-L2,Encolhimento DT,1,,3,
40TSY32MR-L2,Brilho 45,90,80,,
40TSY32MR-L2,DIfusão,1.6,,3,
40TSY32MR-L2,Força de tração DM,140,130,,
40TSY32MR-L2,Força de tração DT,240,220,,
40TSY32MR-L2,Módulo elástico DM,1700,,,
40TSY32MR-L2,Módulo elástico DT,2500,,,
50TSY32MR-L2,COF NT-NT din imediato,0.35,0.2,0.4,
50TSY32MR-L2,COF NT-NT din,0.4,0.2,0.65,
50TSY32MR-L2,COF T-T din imediato,0.25,0.2,0.3,
50TSY32MR-L2,COF T-T din,0.25,0.2,0.3,
50TSY32MR-L2,Tensão superficial,42,38,46,
50TSY32MR-L2,TIS NT-NT,105,,108,
50TSY32MR-L2,TIS T-T,112,,120,
50TSY32MR-L2,Encolhimento DM,3,,5,
50TSY32MR-L2,Encolhimento DT,1,,3,
50TSY32MR-L2,Brilho 45,90,80,,
50TSY32MR-L2,DIfusão,1.6,,3,
50TSY32MR-L2,Força de tração DM,140,130,,
50TSY32MR-L2,Força de tração DT,240,220,,
50TSY32MR-L2,Módulo elástico DM,1700,,,
50TSY32MR-L2,Módulo elástico DT,2500,,,
15TSY32MR,Força de selagem,380,300,,
17TSY32MR,Força de selagem,400,300,,
18TSY32MR,Força de selagem,450,300,,
20TSY32MR,Força de selagem,450,300,,
22TSY32MR,Força de selagem,450,300,,
25TSY32MR-L2,Força de selagem,480,300,,
30TSY32MR-L3,Força de selagem,500,300,,
35TSY32MR-L2,Força de selagem,550,300,,
40TSY32MR-L2,Força de selagem,580,300,,
50TSY32MR-L2,Força de selagem,600,300,,
15TSY32MR,Faixa de selagem,105,,130,
17TSY32MR,Faixa de selagem,105,,130,
18TSY32MR,Faixa de selagem,105,,130,
20TSY32MR,Faixa de selagem,105,,130,
22TSY32MR,Faixa de selagem,105,,130,
25TSY32MR-L2,Faixa de selagem,105,,130,
30TSY32MR-L3,Faixa de selagem,105,,130,
35TSY32MR-L2,Faixa de selagem,105,,130,
40TSY32MR-L2,Faixa de selagem,105,,130,
50TSY32MR-L2,Faixa de selagem,105,,130,
20TBM10,Espessura,26.7,25.9,27.5,
22TBM10,Espessura,29.3,28.5,30.2,
26TBM10,Espessura,34.7,33.6,35.7,
20TBM10,Gramatura,20,19.4,20.6,
22TBM10,Gramatura,22,21.3,22.7,
26TBM10,Gramatura,26,25.2,26.8,
20TBM10,COF NT-NT din,0.3,0.2,0.4,
22TBM10,COF NT-NT din,0.3,0.2,0.4,
26TBM10,COF NT-NT din,0.3,0.2,0.4,
20TBM10,Faixa de selagem,105,,130,
22TBM10,Faixa de selagem,105,,130,
26TBM10,Faixa de selagem,105,,130,
20TBM10,Força de selagem,350,300,,
22TBM10,Força de selagem,390,300,,
26TBM10,Força de selagem,400,300,,
20TBM10,TIS NT-NT,105,100,108,
22TBM10,TIS NT-NT,105,100,108,
26TBM10,TIS NT-NT,105,100,108,
20TBM10,Encolhimento DM,3,,5,
22TBM10,Encolhimento DM,3,,5,
26TBM10,Encolhimento DM,3,,5,
20TBM10,Encolhimento DT,1,,3,
22TBM10,Encolhimento DT,1,,3,
26TBM10,Encolhimento DT,1,,3,
20TBM10,Densidade Óptica,2,1.9,,
22TBM10,Densidade Óptica,2,1.9,,
26TBM10,Densidade Óptica,2,1.9,,
20TBM10,Força de tração DM,80,60,,
20TBM10,Força de tração DT,140,110,,
20TBM10,Alongamento DM,120,,160,
20TBM10,Alongamento DT,40,,60,
20TBM10,Módulo elástico DM,1200,,,
20TBM10,Módulo elástico DT,1700,,,
22TBM10,Força de tração DM,80,60,,
22TBM10,Força de tração DT,140,110,,
22TBM10,Alongamento DM,120,,160,
22TBM10,Alongamento DT,40,,60,
22TBM10,Módulo elástico DM,1200,,,
22TBM10,Módulo elástico DT,1700,,,
26TBM10,Força de tração DM,80,60,,
26TBM10,Força de tração DT,140,110,,
26TBM10,Alongamento DM,120,,160,
26TBM10,Alongamento DT,40,,60,
26TBM10,Módulo elástico DM,1200,,,
26TBM10,Módulo elástico DT,1700,,,
20TFA02MR-L3,Espessura,20,19.4,20.6,
22TFA02MR-L3,Espessura,22,21.3,22.7,
24TFA02MR-L3,Espessura,24,23.3,24.7,
28TFA02MR-L3,Espessura,28,27.2,28.8,
20TFA02MR-L3,Gramatura,18.1,17.6,18.6,
22TFA02MR-L3,Gramatura,19.9,19.3,20.5,
24TFA02MR-L3,Gramatura,21.7,21.1,22.4,
28TFA02MR-L3,Gramatura,25.3,24.6,26.1,
20TFA02MR-L3,COF NT-NT din imediato,0.45,0.3,0.65,
20TFA02MR-L3,COF NT-NT din,0.5,0.3,0.7,
20TFA02MR-L3,COF T-T din imediato,0.45,0.3,0.65,
20TFA02MR-L3,COF T-T din,0.5,0.3,0.7,
22TFA02MR-L3,COF NT-NT din imediato,0.45,0.3,0.65,
22TFA02MR-L3,COF NT-NT din,0.5,0.3,0.7,
22TFA02MR-L3,COF T-T din imediato,0.45,0.3,0.65,
22TFA02MR-L3,COF T-T din,0.5,0.3,0.7,
24TFA02MR-L3,COF NT-NT din imediato,0.45,0.3,0.65,
24TFA02MR-L3,COF NT-NT din,0.5,0.3,0.7,
24TFA02MR-L3,COF T-T din imediato,0.45,0.3,0.65,
24TFA02MR-L3,COF T-T din,0.5,0.3,0.7,
28TFA02MR-L3,COF NT-NT din imediato,0.45,0.3,0.65,
28TFA02MR-L3,COF NT-NT din,0.5,0.3,0.7,
28TFA02MR-L3,COF T-T din imediato,0.45,0.3,0.65,
28TFA02MR-L3,COF T-T din,0.5,0.3,0.7,
20TFA02MR-L3,Tensão superficial,42,38,46,
22TFA02MR-L3,Tensão superficial,42,38,46,
24TFA02MR-L3,Tensão superficial,42,38,46,
28TFA02MR-L3,Tensão superficial,42,38,46,
20TFA02MR-L3,Encolhimento DM,3,,5,
22TFA02MR-L3,Encolhimento DM,3,,5,
24TFA02MR-L3,Encolhimento DM,3,,5,
28TFA02MR-L3,Encolhimento DM,3,,5,
20TFA02MR-L3,Encolhimento DT,1,,3,
22TFA02MR-L3,Encolhimento DT,1,,3,
24TFA02MR-L3,Encolhimento DT,1,,3,
28TFA02MR-L3,Encolhimento DT,1,,3,
20TFA02MR-L3,Brilho 45,95,85,,
20TFA02MR-L3,Difusão,1.3,,2.5,
20TFA02MR-L3,Força de tração DM,160,140,,
20TFA02MR-L3,Força de tração DT,270,230,,
20TFA02MR-L3,Alongamento DM,140,,170,
20TFA02MR-L3,Alongamento DT,45,,65,
20TFA02MR-L3,Módulo elástico DM,1800,,,
20TFA02MR-L3,Módulo elástico DT,2600,,,
22TFA02MR-L3,Brilho 45,95,85,,
22TFA02MR-L3,Difusão,1.3,,2.5,
22TFA02MR-L3,Força de tração DM,160,140,,
22TFA02MR-L3,Força de tração DT,270,230,,
22TFA02MR-L3,Alongamento DM,140,,170,
22TFA02MR-L3,Alongamento DT,45,,65,
22TFA02MR-L3,Módulo elástico DM,1800,,,
22TFA02MR-L3,Módulo elástico DT,2600,,,
24TFA02MR-L3,Brilho 45,95,85,,
24TFA02MR-L3,Difusão,1.3,,2.5,
24TFA02MR-L3,Força de tração DM,160,140,,
24TFA02MR-L3,Força de tração DT,270,230,,
24TFA02MR-L3,Alongamento DM,140,,170,
24TFA02MR-L3,Alongamento DT,45,,65,
24TFA02MR-L3,Módulo elástico DM,1800,,,
24TFA02MR-L3,Módulo elástico DT,2600,,,
28TFA02MR-L3,Brilho 45,95,85,,
28TFA02MR-L3,Difusão,1.3,,2.5,
28TFA02MR-L3,Força de tração DM,160,140,,
28TFA02MR-L3,Força de tração DT,270,230,,
28TFA02MR-L3,Alongamento DM,140,,170,
28TFA02MR-L3,Alongamento DT,45,,65,
28TFA02MR-L3,Módulo elástico DM,1800,,,
28TFA02MR-L3,Módulo elástico DT,2600,,,
20TBPHGS32MR-L2,Espessura,26.7,25.3,28,
22TBPHGS32MR-L2,Espessura,29.3,28,30.7,
26TBPHGS32MR-L2,Espessura,34.7,33.3,36,
20TBPHGS32MR-L2,Gramatura,20,19,21,
22TBPHGS32MR-L2,Gramatura,22,21,23,
26TBPHGS32MR-L2,Gramatura,26,25,27,
20TBPHGS32MR-L2,COF NT-NT din imediato,0.22,0.15,0.3,
20TBPHGS32MR-L2,COF NT-NT din,0.35,0.2,0.45,
20TBPHGS32MR-L2,COF T-T din imediato,0.18,0.13,0.23,
20TBPHGS32MR-L2,COF T-T din,0.3,0.2,0.4,
20TBPHGS32MR-L2,Tensão superficial,42,38,46,
20TBPHGS32MR-L2,Faixa de selagem,350,300,,
20TBPHGS32MR-L2,TIS NT-NT,105,100,108,
20TBPHGS32MR-L2,TIS T-T,112,100,120,
20TBPHGS32MR-L2,Encolhimento DM,3,,5,
20TBPHGS32MR-L2,Encolhimento DT,1,,3,
20TBPHGS32MR-L2,Brilho 45,85,77,,
20TBPHGS32MR-L2,Opacidade,80,75,88,
20TBPHGS32MR-L2,Haze,29,21,34,
20TBPHGS32MR-L2,Força de tração DM,80,60,,
20TBPHGS32MR-L2,Força de tração DT,140,110,,
20TBPHGS32MR-L2,Alongamento DM,120,,160,
20TBPHGS32MR-L2,Alongamento DT,40,,60,
20TBPHGS32MR-L2,Módulo elástico DM,1200,,,
20TBPHGS32MR-L2,Módulo elástico DT,1700,,,
17TSBHTS21MR-L3,Espessura,17,16.5,17.5,
20TSBHTS21MR-L3,Espessura,20,19.4,20.6,
17TSBHTS21MR-L3,Gramatura,15.4,14.9,15.8,
20TSBHTS21MR-L3,Gramatura,18.1,17.6,18.6,
17TSBHTS21MR-L3,COF NT-NT din imediato,0.25,,0.35,
17TSBHTS21MR-L3,COF NT-NT din,0.25,,0.35,
17TSBHTS21MR-L3,Tensão superficial,42,38,,
17TSBHTS21MR-L3,TIS NT-NT,105,100,108,
17TSBHTS21MR-L3,TIS T-T,112,100,120,
17TSBHTS21MR-L3,Faixa de selagem,105,,130,
17TSBHTS21MR-L3,Força de selagem,400,300,,
20TSBHTS21MR-L3,Força de selagem,450,300,,
17TSBHTS21MR-L3,Encolhimento DM,3,,6,
17TSBHTS21MR-L3,Encolhimento DT,1,,4,
17TSBHTS21MR-L3,Brilho 45,95,85,,
17TSBHTS21MR-L3,Difusão,1.6,,3,
17TSBHTS21MR-L3,Força de tração DM,150,130,,
17TSBHTS21MR-L3,Força de tração DT,270,220,,
17TSBHTS21MR-L3,Alongamento DM,190,,210,
17TSBHTS21MR-L3,Alongamento DT,40,,70,
17TSBHTS21MR-L3,Módulo elástico DM,1600,,,
17TSBHTS21MR-L3,Módulo elástico DT,2900,,,
20TSBHTS21MR-L3,COF NT-NT din imediato,0.25,,0.35,
20TSBHTS21MR-L3,COF NT-NT din,0.25,,0.35,
20TSBHTS21MR-L3,Tensão superficial,42,38,,
20TSBHTS21MR-L3,TIS NT-NT,105,100,108,
20TSBHTS21MR-L3,TIS T-T,112,100,120,
20TSBHTS21MR-L3,Faixa de selagem,105,,130,
20TSBHTS21MR-L3,Encolhimento DM,3,,6,
20TSBHTS21MR-L3,Encolhimento DT,1,,4,
20TSBHTS21MR-L3,Brilho 45,95,85,,
20TSBHTS21MR-L3,Difusão,1.6,,3,
20TSBHTS21MR-L3,Força de tração DM,150,130,,
20TSBHTS21MR-L3,Força de tração DT,270,220,,
20TSBHTS21MR-L3,Alongamento DM,190,,210,
20TSBHTS21MR-L3,Alongamento DT,40,,70,
20TSBHTS21MR-L3,Módulo elástico DM,1600,,,
20TSBHTS21MR-L3,Módulo elástico DT,2900,,,
17TSBHTS21MR-L3,TPVA,8.5,,9.5,
20TSBHTS21MR-L3,TPVA,7,,8,
17TSBHTS21MR-L3,TPO2,3000,,3300,
20TSBHTS21MR-L3,TPO2,2800,,3100,
17TPY02MR-L3,Espessura,17,16.5,17.5,
17TPY02MR-L3,Gramatura,15.4,14.9,15.8,
17TPY02MR-L3,COF NT-NT din imediato,0.4,0.25,0.53,
17TPY02MR-L3,COF NT-NT din,0.42,0.2,0.53,
17TPY02MR-L3,COF T-T din imediato,0.35,0.25,0.45,
17TPY02MR-L3,COF T-T din,0.35,0.2,0.45,
17TPY02MR-L3,Tensão superficial,42,38,46,
17TPY02MR-L3,Encolhimento DM,3,,5,
17TPY02MR-L3,Encolhimento DT,1,,3,
17TPY02MR-L3,Brilho 45,95,85,,
17TPY02MR-L3,Difusão,1.3,,2,
17TPY02MR-L3,Força de tração DM,140,120,,
17TPY02MR-L3,Força de tração DT,250,230,,
17TPY02MR-L3,Alongamento DM,160,,190,
17TPY02MR-L3,Alongamento DT,60,,80,
17TPY02MR-L3,Módulo elástico DM,2000,,,
17TPY02MR-L3,Módulo elástico DT,2500,,,
20TPY02MR-L3,Espessura,20,19.4,20.6,
20TPY02MR-L3,Gramatura,18.1,17.6,18.6,
20TPY02MR-L3,COF NT-NT din imediato,0.4,0.25,0.53,
20TPY02MR-L3,COF NT-NT din,0.42,0.2,0.53,
20TPY02MR-L3,COF T-T din imediato,0.35,0.25,0.45,
20TPY02MR-L3,COF T-T din,0.35,0.2,0.45,
20TPY02MR-L3,Tensão superficial,42,38,46,
20TPY02MR-L3,Encolhimento DM,3,,5,
20TPY02MR-L3,Encolhimento DT,1,,3,
20TPY02MR-L3,Brilho 45,95,85,,
20TPY02MR-L3,Difusão,1.3,,2,
20TPY02MR-L3,Força de tração DM,140,120,,
20TPY02MR-L3,Força de tração DT,250,230,,
20TPY02MR-L3,Alongamento DM,160,,190,
20TPY02MR-L3,Alongamento DT,60,,80,
20TPY02MR-L3,Módulo elástico DM,2000,,,
20TPY02MR-L3,Módulo elástico DT,2500,,,
20TPY03MR-L3,Espessura,20,19.4,20.6,
20TPY03MR-L3,Gramatura,18.1,17.6,18.6,
20TPY03MR-L3,COF NT-NT din imediato,0.4,0.25,0.53,
20TPY03MR-L3,COF NT-NT din,0.42,0.2,0.53,
20TPY03MR-L3,COF T-T din imediato,0.35,0.25,0.45,
20TPY03MR-L3,COF T-T din,0.35,0.2,0.45,
20TPY03MR-L3,Tensão superficial,42,38,46,
20TPY03MR-L3,Tensão superficial,40,38,42,
20TPY03MR-L3,Encolhimento DM,3,,5,
20TPY03MR-L3,Encolhimento DT,1,,3,
20TPY03MR-L3,Brilho 45,95,85,,
20TPY03MR-L3,Difusão,1.3,,2,
20TPY03MR-L3,Força de tração DM,140,120,,
20TPY03MR-L3,Força de tração DT,250,230,,
20TPY03MR-L3,Alongamento DM,160,,190,
20TPY03MR-L3,Alongamento DT,60,,80,
20TPY03MR-L3,Módulo elástico DM,2000,,,
20TPY03MR-L3,Módulo elástico DT,2500,,,
50TPY03MR-L3,Espessura,50,48.5,51.5,
50TPY03MR-L3,Gramatura,45.3,43.9,46.6,
50TPY03MR-L3,COF NT-NT din imediato,0.4,0.25,0.53,
50TPY03MR-L3,COF NT-NT din,0.42,0.2,0.53,
50TPY03MR-L3,COF T-T din imediato,0.35,0.25,0.45,
50TPY03MR-L3,COF T-T din,0.35,0.2,0.45,
50TPY03MR-L3,Tensão superficial,42,38,46,
50TPY03MR-L3,Tensão superficial,40,38,42,
50TPY03MR-L3,Encolhimento DM,3,,5,
50TPY03MR-L3,Encolhimento DT,1,,3,
50TPY03MR-L3,Brilho 45,95,85,,
50TPY03MR-L3,Difusão,1.3,,2,
50TPY03MR-L3,Força de tração DM,140,110,,
50TPY03MR-L3,Força de tração DT,250,220,,
50TPY03MR-L3,Alongamento DM,210,,260,
50TPY03MR-L3,Alongamento DT,60,,80,
50TPY03MR-L3,Módulo elástico DM,2000,,,
50TPY03MR-L3,Módulo elástico DT,2500,,,
20TFCHSK30MR,Espessura,20,19.4,20.6,
20TFCHSK30MR,Gramatura,18.3,17.7,18.8,
20TFCHSK30MR,COF INT-INT din imediato,0.32,0.25,0.4,
20TFCHSK30MR,COF EXT-EXT din imediato,0.32,2.5,0.4,
20TFCHSK30MR,COF INT-INT din,0.3,0.24,0.36,
20TFCHSK30MR,COF EXT-EXT din,0.3,0.24,0.36,
20TFCHSK30MR,Faixa de selagem,105,,130,
20TFCHSK30MR,Força de selagem,470,300,,
20TFCHSK30MR,TIS INT,105,,108,
20TFCHSK30MR,TIS EXT,105,,108,
20TFCHSK30MR,Encolhimento DM,9,8,,
20TFCHSK30MR,Encolhimento DT,10,8,,
20TFCHSK30MR,Brilho 45,95,85,,
20TFCHSK30MR,DIfusão,1.8,,2.5,
20TFCHSK30MR,Força de tração DM,170,140,,
20TFCHSK30MR,Força de tração DT,300,250,,
20TFCHSK30MR,Alongamento DM,150,,190,
20TFCHSK30MR,Alongamento DT,50,,70,
20TFCHSK30MR,Módulo elástico DM,2300,,,
20TFCHSK30MR,Módulo elástico DT,3500,,,
18TSYCSY32MR,Espessura,18,17.5,18.5,
18TSYCSY32MR,Gramatura,16.3,15.8,16.8,
18TSYCSY32MR,COF NT-NT din imediato,0.33,0.35,0.4,
18TSYCSY32MR,COF NT-NT din,0.32,0.22,0.42,
18TSYCSY32MR,COF T-T din imediato,0.25,0.2,0.35,
18TSYCSY32MR,COF T-T din,0.25,0.17,0.32,
18TSYCSY32MR,Tensão superficial,42,38,46,
18TSYCSY32MR,Faixa de selagem,117,,130,
18TSYCSY32MR,Força de selagem,450,300,,
18TSYCSY32MR,TIS NT-NT,117,110,120,
18TSYCSY32MR,TIS T-T,105,100,115,
18TSYCSY32MR,Encolhimento DM,8,7,5,
18TSYCSY32MR,Encolhimento DT,9,8,3,
18TSYCSY32MR,Brilho 45,95,85,,
18TSYCSY32MR,DIfusão,1.4,,2,
18TSYCSY32MR,Força de tração DM,155,125,,
18TSYCSY32MR,Força de tração DT,280,250,,
18TSYCSY32MR,Alongamento DM,140,,175,
18TSYCSY32MR,Alongamento DT,50,,70,
18TSYCSY32MR,Módulo elástico DM,2000,,,
18TSYCSY32MR,Módulo elástico DT,3000,,,
22TBB12MR-L2,Espessura,29.3,28.5,30.2,
22TBB12MR-L2,Gramatura,22,21.3,22.7,
22TBB12MR-L2,COF NT-NT din imediato,0.35,0.2,0.45,
22TBB12MR-L2,COF NT-NT din,0.3,0.2,0.4,
22TBB12MR-L2,Tensão superficial,42,38,46,
22TBB12MR-L2,Faixa de selagem,105,,130,
22TBB12MR-L2,Força de selagem,390,300,,
22TBB12MR-L2,TIS NT-NT,105,100,108,
22TBB12MR-L2,TIS T-T,105,100,108,
22TBB12MR-L2,Encolhimento DM,3,,5,
22TBB12MR-L2,Encolhimento DT,1,,3,
22TBB12MR-L2,Brilho 45,85,77,,
22TBB12MR-L2,Opacidade,80,75,88,
22TBB12MR-L2,Força de tração DM,80,60,,
22TBB12MR-L2,Força de tração DT,140,110,,
22TBB12MR-L2,Alongamento DM,120,,160,
22TBB12MR-L2,Alongamento DT,40,,60,
22TBB12MR-L2,Módulo elástico DM,1200,,,
22TBB12MR-L2,Módulo elástico DT,1700,,,
26TBB12MR-L2,Espessura,34.7,33.6,35.7,
26TBB12MR-L2,Gramatura,26,25.2,26.8,
26TBB12MR-L2,COF NT-NT din imediato,0.35,0.2,0.45,
26TBB12MR-L2,COF NT-NT din,0.3,0.2,0.4,
26TBB12MR-L2,Tensão superficial,42,38,46,
26TBB12MR-L2,Faixa de selagem,105,,130,
26TBB12MR-L2,Força de selagem,400,300,,
26TBB12MR-L2,TIS NT-NT,105,100,108,
26TBB12MR-L2,TIS T-T,105,100,108,
26TBB12MR-L2,Encolhimento DM,3,,5,
26TBB12MR-L2,Encolhimento DT,1,,3,
26TBB12MR-L2,Brilho 45,85,77,,
26TBB12MR-L2,Opacidade,80,75,88,
26TBB12MR-L2,Força de tração DM,80,60,,
26TBB12MR-L2,Força de tração DT,140,110,,
26TBB12MR-L2,Alongamento DM,120,,160,
26TBB12MR-L2,Alongamento DT,40,,60,
26TBB12MR-L2,Módulo elástico DM,1200,,,
26TBB12MR-L2,Módulo elástico DT,1700,,,
26TBB12MR-EV,Espessura,34.7,33.6,35.7,
26TBB12MR-EV,Gramatura,26,25.2,26.8,
26TBB12MR-EV,COF NT-NT din imediato,0.35,0.2,0.45,
26TBB12MR-EV,COF NT-NT din,0.3,0.2,0.4,
26TBB12MR-EV,Tensão superficial,42,38,46,
26TBB12MR-EV,Faixa de selagem,105,,130,
26TBB12MR-EV,Força de selagem,400,300,,
26TBB12MR-EV,TIS NT-NT,105,100,108,
26TBB12MR-EV,TIS T-T,105,100,108,
26TBB12MR-EV,Encolhimento DM,3,,5,
26TBB12MR-EV,Encolhimento DT,1,,3,
26TBB12MR-EV,Brilho 45,85,77,,
26TBB12MR-EV,Opacidade,80,75,88,
26TBB12MR-EV,Força de tração DM,80,60,,
26TBB12MR-EV,Força de tração DT,140,110,,
26TBB12MR-EV,Alongamento DM,120,,160,
26TBB12MR-EV,Alongamento DT,40,,60,
26TBB12MR-EV,Módulo elástico DM,1200,,,
26TBB12MR-EV,Módulo elástico DT,1700,,,
45TSYL8232MR-L3,Espessura,45,42.8,47.3,
45TSYL8232MR-L3,Gramatura,40.7,38.7,42.8,
45TSYL8232MR-L3,COF NT-NT din imediato,0.3,0.2,0.4,
45TSYL8232MR-L3,COF NT-NT din,0.3,0.18,0.32,
45TSYL8232MR-L3,COF T-T din imediato,0.45,0.25,0.65,
45TSYL8232MR-L3,COF T-T din,0.33,0.25,0.4,
45TSYL8232MR-L3,Tensão superficial,42,38,46,
45TSYL8232MR-L3,Faixa de selagem NT-NT,82,,135,
45TSYL8232MR-L3,Faixa de selagem T-T,110,,117,
45TSYL8232MR-L3,Força de selagem,450,300,,
45TSYL8232MR-L3,TIS NT-NT,82,,86,
45TSYL8232MR-L3,TIS T-T,110,100,117,
45TSYL8232MR-L3,Encolhimento DM,3,,5,
45TSYL8232MR-L3,Encolhimento DT,1,,3,
45TSYL8232MR-L3,Brilho 45,90,80,,
45TSYL8232MR-L3,DIfusão,1.6,,3,
45TSYL8232MR-L3,Força de tração DM,140,120,,
45TSYL8232MR-L3,Força de tração DT,270,230,,
45TSYL8232MR-L3,Alongamento DM,210,,260,
45TSYL8232MR-L3,Alongamento DT,60,,80,
45TSYL8232MR-L3,Módulo elástico DM,1700,,,
45TSYL8232MR-L3,Módulo elástico DT,2500,,,
20TSYL8232MR,Espessura,20,19.4,20.6,
20TSYL8232MR,Gramatura,18.1,17.6,18.6,
20TSYL8232MR,COF NT-NT din imediato,0.35,0.2,0.4,
20TSYL8232MR,COF NT-NT din,0.25,0.2,0.3,
20TSYL8232MR,COF T-T din imediato,0.4,0.2,0.65,
20TSYL8232MR,COF T-T din,0.25,0.2,0.3,
20TSYL8232MR,Tensão superficial,42,38,46,
20TSYL8232MR,Faixa de selagem NT-NT,82,,135,
20TSYL8232MR,Faixa de selagem T-T,110,,117,
20TSYL8232MR,Força de selagem,450,300,,
20TSYL8232MR,TIS NT-NT,82,,86,
20TSYL8232MR,TIS T-T,110,100,117,
20TSYL8232MR,Encolhimento DM,3,,5,
20TSYL8232MR,Encolhimento DT,1,,3,
20TSYL8232MR,Brilho 45,90,80,,
20TSYL8232MR,DIfusão,1.6,,3,
20TSYL8232MR,Força de tração DM,140,120,,
20TSYL8232MR,Força de tração DT,270,230,,
20TSYL8232MR,Alongamento DM,170,,200,
20TSYL8232MR,Alongamento DT,50,,70,
20TSYL8232MR,Módulo elástico DM,1700,,,
20TSYL8232MR,Módulo elástico DT,2500,,,
19TPYRL02MR-L3,Espessura,19,18.4,19.6,
19TPYRL02MR-L3,Gramatura,17.2,16.7,17.7,
19TPYRL02MR-L3,COF NT-NT din imediato,0.25,0.20,0.3,
19TPYRL02MR-L3,COF NT-NT din,0.22,0.18,0.28,
19TPYRL02MR-L3,COF T-T din imediato,0.6,0.4,0.8,
19TPYRL02MR-L3,COF T-T din,0.55,0.45,0.75,
19TPYRL02MR-L3,Tensão superficial,42,38,46,
19TPYRL02MR-L3,Encolhimento DM,3,,5,
19TPYRL02MR-L3,Encolhimento DT,1,,3,
19TPYRL02MR-L3,Brilho 45,95,85,,
19TPYRL02MR-L3,Difusão,1.7,,2,
19TPYRL02MR-L3,Força de tração DM,160,140,,
19TPYRL02MR-L3,Força de tração DT,250,230,,
19TPYRL02MR-L3,Alongamento DM,170,,200,
19TPYRL02MR-L3,Alongamento DT,60,,80,
19TPYRL02MR-L3,Módulo elástico DM,1600,,,
19TPYRL02MR-L3,Módulo elástico DT,2600,,,
20TSBL8212MR-L2,Espessura,20,19.4,20.6,
25TSBL8212MR-L2,Espessura,24.4,23.7,25,
20TSBL8212MR-L2,Gramatura,18.1,17.6,18.6,
25TSBL8212MR-L2,Gramatura,22.1,21.4,22.6,
20TSBL8212MR-L2,COF NT-NT din imediato,0.3,0.2,0.4,
20TSBL8212MR-L2,COF NT-NT din,0.3,0.2,0.4,
20TSBL8212MR-L2,Tensão superficial,42,38,46,
20TSBL8212MR-L2,Força de selagem,450,300,,
20TSBL8212MR-L2,Faixa de selagem NT-NT,82,,130,
20TSBL8212MR-L2,TIS NT-NT,82,,86,
20TSBL8212MR-L2,Encolhimento DM,3,,5,
20TSBL8212MR-L2,Encolhimento DT,1,,3,
20TSBL8212MR-L2,Brilho 45,95,80,,
20TSBL8212MR-L2,DIfusão,1.3,,3,
20TSBL8212MR-L2,Força de tração DM,150,140,,
20TSBL8212MR-L2,Força de tração DT,260,240,,
25TSBL8212MR-L2,COF NT-NT din imediato,0.3,0.2,0.4,
25TSBL8212MR-L2,COF NT-NT din,0.3,0.2,0.4,
25TSBL8212MR-L2,Tensão superficial,42,38,46,
25TSBL8212MR-L2,Força de selagem,450,300,,
25TSBL8212MR-L2,Faixa de selagem NT-NT,82,,130,
25TSBL8212MR-L2,TIS NT-NT,82,,86,
25TSBL8212MR-L2,Encolhimento DM,3,,5,
25TSBL8212MR-L2,Encolhimento DT,1,,3,
25TSBL8212MR-L2,Brilho 45,95,80,,
25TSBL8212MR-L2,DIfusão,1.3,,3,
25TSBL8212MR-L2,Força de tração DM,150,140,,
25TSBL8212MR-L2,Força de tração DT,260,240,,
20TSBL8212MR-L2,Alongamento DM,180,,195,
20TSBL8212MR-L2,Alongamento DT,50,,70,
25TSBL8212MR-L2,Alongamento DM,180,,195,
25TSBL8212MR-L2,Alongamento DT,50,,70,
20TSBL8212MR-L2,Módulo elástico DM,1500,,,
20TSBL8212MR-L2,Módulo elástico DT,2300,,,
25TSBL8212MR-L2,Módulo elástico DM,1500,,,
25TSBL8212MR-L2,Módulo elástico DT,2300,,,
20TMSL8210,Densidade Óptica,2.2,2,,
20TMSL8210,COF NT-NT din,0.35,0.2,0.4,
25TMSL8210,Densidade Óptica,2.2,2,,
25TMSL8210,COF NT-NT din,0.35,0.2,0.4,
25TSYCF32MR-L3,Espessura,25,24.3,25.8,
35TSYCF32MR-L3,Espessura,35,34,36.1,
25TSYCF32MR-L3,Gramatura,22.6,21.9,23.3,
35TSYCF32MR-L3,Gramatura,31.7,30.7,32.6,
25TSYCF32MR-L3,COF NT-NT din imediato,0.35,0.25,0.53,
25TSYCF32MR-L3,COF NT-NT din,0.45,0.2,0.6,
25TSYCF32MR-L3,COF T-T din imediato,0.3,0.25,0.4,
25TSYCF32MR-L3,COF T-T din,0.4,0.2,0.55,
25TSYCF32MR-L3,Tensão superficial,42,38,46,
25TSYCF32MR-L3,Faixa de selagem NT-NT,115,,130,
25TSYCF32MR-L3,Força de selagem INT,600,300,,
25TSYCF32MR-L3,TIS NT-NT,112,100,120,
25TSYCF32MR-L3,Encolhimento DM,3,,5,
25TSYCF32MR-L3,Encolhimento DT,1,,3,
25TSYCF32MR-L3,Brilho 45,95,90,,
25TSYCF32MR-L3,Difusão,1.3,,2,
25TSYCF32MR-L3,Força de tração DM,140,120,,
25TSYCF32MR-L3,Força de tração DT,250,230,,
25TSYCF32MR-L3,Alongamento DM,210,,260,
25TSYCF32MR-L3,Alongamento DT,60,,80,
25TSYCF32MR-L3,Módulo elástico DM,1500,,,
25TSYCF32MR-L3,Módulo elástico DT,2500,,,
35TSYCF32MR-L3,COF NT-NT din imediato,0.35,0.25,0.53,
35TSYCF32MR-L3,COF NT-NT din,0.45,0.2,0.6,
35TSYCF32MR-L3,COF T-T din imediato,0.3,0.25,0.4,
35TSYCF32MR-L3,COF T-T din,0.4,0.2,0.55,
35TSYCF32MR-L3,Tensão superficial,42,38,46,
35TSYCF32MR-L3,Faixa de selagem NT-NT,115,,130,
35TSYCF32MR-L3,Força de selagem INT,600,300,,
35TSYCF32MR-L3,TIS NT-NT,112,100,120,
35TSYCF32MR-L3,Encolhimento DM,3,,5,
35TSYCF32MR-L3,Encolhimento DT,1,,3,
35TSYCF32MR-L3,Brilho 45,95,90,,
35TSYCF32MR-L3,Difusão,1.3,,2,
35TSYCF32MR-L3,Força de tração DM,140,120,,
35TSYCF32MR-L3,Força de tração DT,250,230,,
35TSYCF32MR-L3,Alongamento DM,210,,260,
35TSYCF32MR-L3,Alongamento DT,60,,80,
35TSYCF32MR-L3,Módulo elástico DM,1500,,,
35TSYCF32MR-L3,Módulo elástico DT,2500,,,
17TMSHTS10,COF NT-NT din imediato,0.22,,0.35,
17TMSHTS10,COF NT-NT din,0.23,,0.4,
20TMSHTS10,COF NT-NT din imediato,0.22,,0.35,
20TMSHTS10,COF NT-NT din,0.23,,0.4,
17TBPGFT32MR-L2,Espessura,22.7,22,23.3,
19TBPGFT32MR-L2,Espessura,25.3,24.6,26.1,
17TBPGFT32MR-L2,Gramatura,17,16.5,17.5,
19TBPGFT32MR-L2,Gramatura,19,18.4,19.6,
17TBPGFT32MR-L2,COF NT-NT din imediato,0.3,0.18,0.45,
17TBPGFT32MR-L2,COF NT-NT din,0.5,0.3,0.7,
17TBPGFT32MR-L2,COF T-T din imediato,0.25,0.15,0.35,
17TBPGFT32MR-L2,COF T-T din,0.35,0.15,0.5,
17TBPGFT32MR-L2,Tensão superficial,42,38,46,
19TBPGFT32MR-L2,COF NT-NT din imediato,0.3,0.18,0.45,
19TBPGFT32MR-L2,COF NT-NT din,0.35,0.18,0.5,
19TBPGFT32MR-L2,COF T-T din imediato,0.25,0.15,0.35,
19TBPGFT32MR-L2,COF T-T din,0.25,0.15,0.35,
19TBPGFT32MR-L2,Tensão superficial,42,38,46,
17TBPGFT32MR-L2,Faixa de selagem NT-NT,105,,130,
17TBPGFT32MR-L2,Força de selagem,450,300,,
17TBPGFT32MR-L2,TIS NT-NT,112,100,120,
17TBPGFT32MR-L2,Encolhimento DM,3,,5,
17TBPGFT32MR-L2,Encolhimento DT,1,,3,
17TBPGFT32MR-L2,Brilho 45,85,77,,
17TBPGFT32MR-L2,Opacidade,80,75,88,
17TBPGFT32MR-L2,Haze,29,21,34,
17TBPGFT32MR-L2,Força de tração DM,80,60,,
17TBPGFT32MR-L2,Força de tração DT,160,110,,
19TBPGFT32MR-L2,Faixa de selagem NT-NT,105,,130,
19TBPGFT32MR-L2,Força de selagem,450,300,,
19TBPGFT32MR-L2,TIS NT-NT,112,100,120,
19TBPGFT32MR-L2,Encolhimento DM,3,,5,
19TBPGFT32MR-L2,Encolhimento DT,1,,3,
19TBPGFT32MR-L2,Brilho 45,85,77,,
19TBPGFT32MR-L2,Opacidade,80,75,88,
19TBPGFT32MR-L2,Haze,29,21,34,
19TBPGFT32MR-L2,Força de tração DM,80,60,,
19TBPGFT32MR-L2,Força de tração DT,160,110,,
17TBPGFT32MR-L2,Alongamento DM,140,,160,
17TBPGFT32MR-L2,Alongamento DT,30,,60,
17TBPGFT32MR-L2,Módulo elástico DM,1100,,,
17TBPGFT32MR-L2,Módulo elástico DT,2000,,,
19TBPGFT32MR-L2,Alongamento DM,140,,160,
19TBPGFT32MR-L2,Alongamento DT,30,,60,
19TBPGFT32MR-L2,Módulo elástico DM,1100,,,
19TBPGFT32MR-L2,Módulo elástico DT,2000,,,
17TSYHTS32MR,Espessura,17,16.5,,
20TSYHTS32MR,Espessura,20,19.4,,
17TSYHTS32MR,Gramatura,15.4,14.9,,
20TSYHTS32MR,Gramatura,18.1,17.6,,
17TSYHTS32MR,COF NT-NT din imediato,0.22,0.13,0.27,
17TSYHTS32MR,COF NT-NT din,0.3,0.2,0.55,
17TSYHTS32MR,COF T-T din imediato,0.2,0.13,0.25,
17TSYHTS32MR,COF T-T din,0.3,0.2,0.45,
17TSYHTS32MR,Tensão superficial,42,38,46,
17TSYHTS32MR,Faixa de selagem NT-NT,105,,130,
17TSYHTS32MR,Força de selagem INT,400,300,,
17TSYHTS32MR,TIS NT-NT,105,100,108,
17TSYHTS32MR,TIS T-T,112,100,120,
17TSYHTS32MR,Encolhimento DM,3,,5,
17TSYHTS32MR,Encolhimento DT,1,,3,
17TSYHTS32MR,Brilho 45,90,85,,
17TSYHTS32MR,Difusão,1.6,,2.5,
17TSYHTS32MR,Força de tração DM,150,130,,
17TSYHTS32MR,Força de tração DT,270,220,,
17TSYHTS32MR,Alongamento DM,185,,205,
17TSYHTS32MR,Alongamento DT,40,,70,
17TSYHTS32MR,Módulo elástico DM,1500,,,
17TSYHTS32MR,Módulo elástico DT,2700,,,
20TSYHTS32MR,COF NT-NT din imediato,0.22,0.13,0.27,
20TSYHTS32MR,COF NT-NT din,0.3,0.2,0.55,
20TSYHTS32MR,COF T-T din imediato,0.2,0.13,0.25,
20TSYHTS32MR,COF T-T din,0.3,0.2,0.45,
20TSYHTS32MR,Tensão superficial,42,38,46,
20TSYHTS32MR,Faixa de selagem NT-NT,105,,130,
20TSYHTS32MR,Força de selagem INT,450,300,,
20TSYHTS32MR,TIS NT-NT,105,100,108,
20TSYHTS32MR,TIS T-T,112,100,120,
20TSYHTS32MR,Encolhimento DM,3,,5,
20TSYHTS32MR,Encolhimento DT,1,,3,
20TSYHTS32MR,Brilho 45,90,85,,
20TSYHTS32MR,Difusão,1.6,,2.5,
20TSYHTS32MR,Força de tração DM,150,130,,
20TSYHTS32MR,Força de tração DT,270,220,,
20TSYHTS32MR,Alongamento DM,185,,205,
20TSYHTS32MR,Alongamento DT,40,,70,
20TSYHTS32MR,Módulo elástico DM,1500,,,
20TSYHTS32MR,Módulo elástico DT,2700,,,
17TSYHTS32MR,TPVA,7.5,,8.5,
20TSYHTS32MR,TPVA,8.5,,9.5,
17TSYHTS32MR,TPO2,3200,,3500,
20TSYHTS32MR,TPO2,2900,,3200,
17TSY32XMR-L2,Espessura,17,16.5,17.5,
20TSY32XMR-L2,Espessura,20,19.4,20.6,
25TSY32XMR-L2,Espessura,25,24.3,25.8,
30TSY32XMR-L2,Espessura,30,29.1,30.9,
35TSY32XMR-L2,Espessura,35,34.0,36.1,
40TSY32XMR-L2,Espessura,40,38.8,41.2,
50TSY32XMR-L2,Espessura,50,48.5,51.5,
17TSY32XMR-L2,Gramatura,15.4,14.9,15.8,
20TSY32XMR-L2,Gramatura,18.1,17.6,18.6,
25TSY32XMR-L2,Gramatura,22.6,21.9,23.3,
30TSY32XMR-L2,Gramatura,27.2,26.3,28,
35TSY32XMR-L2,Gramatura,31.7,30.7,32.6,
40TSY32XMR-L2,Gramatura,36.2,35.1,37.3,
50TSY32XMR-L2,Gramatura,45.3,43.9,46.6,
17TSY32XMR-L2,COF NT-NT din imediato,0.3,0.2,0.4,
17TSY32XMR-L2,COF NT-NT din,0.4,0.2,0.65,
17TSY32XMR-L2,COF T-T din imediato,0.25,0.15,0.35,
17TSY32XMR-L2,COF T-T din,0.25,0.15,0.35,
17TSY32XMR-L2,Faixa de selagem NT-NT,105,,130,
17TSY32XMR-L2,Força de selagem INT,450,300,,
17TSY32XMR-L2,Força de selagem T-T,450,300,,
17TSY32XMR-L2,Encolhimento DM,3,,5,
17TSY32XMR-L2,Encolhimento DT,1,,3,
17TSY32XMR-L2,Brilho 45,90,75,,
17TSY32XMR-L2,Difusão,1.6,,3,
17TSY32XMR-L2,Força de tração DM,140,110,,
17TSY32XMR-L2,Força de tração DT,240,190,,
17TSY32XMR-L2,Alongamento DM,170,,260,
17TSY32XMR-L2,Alongamento DT,50,,100,
17TSY32XMR-L2,Módulo elástico DM,1300,,,
17TSY32XMR-L2,Módulo elástico DT,2100,,,
20TSY32XMR-L2,COF NT-NT din imediato,0.3,0.2,0.4,
20TSY32XMR-L2,COF NT-NT din,0.4,0.2,0.65,
20TSY32XMR-L2,COF T-T din imediato,0.25,0.15,0.35,
20TSY32XMR-L2,COF T-T din,0.25,0.15,0.35,
20TSY32XMR-L2,Faixa de selagem NT-NT,105,,130,
20TSY32XMR-L2,Força de selagem INT,450,300,,
20TSY32XMR-L2,Força de selagem T-T,450,300,,
20TSY32XMR-L2,Encolhimento DM,3,,5,
20TSY32XMR-L2,Encolhimento DT,1,,3,
20TSY32XMR-L2,Brilho 45,90,75,,
20TSY32XMR-L2,Difusão,1.6,,3,
20TSY32XMR-L2,Força de tração DM,140,110,,
20TSY32XMR-L2,Força de tração DT,240,190,,
20TSY32XMR-L2,Alongamento DM,170,,260,
20TSY32XMR-L2,Alongamento DT,50,,100,
20TSY32XMR-L2,Módulo elástico DM,1300,,,
20TSY32XMR-L2,Módulo elástico DT,2100,,,
25TSY32XMR-L2,COF NT-NT din imediato,0.3,0.2,0.4,
25TSY32XMR-L2,COF NT-NT din,0.4,0.2,0.65,
25TSY32XMR-L2,COF T-T din imediato,0.25,0.15,0.35,
25TSY32XMR-L2,COF T-T din,0.25,0.15,0.35,
25TSY32XMR-L2,Faixa de selagem NT-NT,105,,130,
25TSY32XMR-L2,Força de selagem INT,450,300,,
25TSY32XMR-L2,Força de selagem T-T,450,300,,
25TSY32XMR-L2,Encolhimento DM,3,,5,
25TSY32XMR-L2,Encolhimento DT,1,,3,
25TSY32XMR-L2,Brilho 45,90,75,,
25TSY32XMR-L2,Difusão,1.6,,3,
25TSY32XMR-L2,Força de tração DM,140,110,,
25TSY32XMR-L2,Força de tração DT,240,190,,
25TSY32XMR-L2,Alongamento DM,170,,260,
25TSY32XMR-L2,Alongamento DT,50,,100,
25TSY32XMR-L2,Módulo elástico DM,1300,,,
25TSY32XMR-L2,Módulo elástico DT,2100,,,
30TSY32XMR-L2,COF NT-NT din imediato,0.3,0.2,0.4,
30TSY32XMR-L2,COF NT-NT din,0.4,0.2,0.65,
30TSY32XMR-L2,COF T-T din imediato,0.25,0.15,0.35,
30TSY32XMR-L2,COF T-T din,0.25,0.15,0.35,
30TSY32XMR-L2,Faixa de selagem NT-NT,105,,130,
30TSY32XMR-L2,Força de selagem INT,450,300,,
30TSY32XMR-L2,Força de selagem T-T,450,300,,
30TSY32XMR-L2,Encolhimento DM,3,,5,
30TSY32XMR-L2,Encolhimento DT,1,,3,
30TSY32XMR-L2,Brilho 45,90,75,,
30TSY32XMR-L2,Difusão,1.6,,3,
30TSY32XMR-L2,Força de tração DM,140,110,,
30TSY32XMR-L2,Força de tração DT,240,190,,
30TSY32XMR-L2,Alongamento DM,170,,260,
30TSY32XMR-L2,Alongamento DT,50,,100,
30TSY32XMR-L2,Módulo elástico DM,1300,,,
30TSY32XMR-L2,Módulo elástico DT,2100,,,
35TSY32XMR-L2,COF NT-NT din imediato,0.3,0.2,0.4,
35TSY32XMR-L2,COF NT-NT din,0.4,0.2,0.65,
35TSY32XMR-L2,COF T-T din imediato,0.25,0.15,0.35,
35TSY32XMR-L2,COF T-T din,0.25,0.15,0.35,
35TSY32XMR-L2,Faixa de selagem NT-NT,105,,130,
35TSY32XMR-L2,Força de selagem INT,450,300,,
35TSY32XMR-L2,Força de selagem T-T,450,300,,
35TSY32XMR-L2,Encolhimento DM,3,,5,
35TSY32XMR-L2,Encolhimento DT,1,,3,
35TSY32XMR-L2,Brilho 45,90,75,,
35TSY32XMR-L2,Difusão,1.6,,3,
35TSY32XMR-L2,Força de tração DM,140,110,,
35TSY32XMR-L2,Força de tração DT,240,190,,
35TSY32XMR-L2,Alongamento DM,170,,260,
35TSY32XMR-L2,Alongamento DT,50,,100,
35TSY32XMR-L2,Módulo elástico DM,1300,,,
35TSY32XMR-L2,Módulo elástico DT,2100,,,
40TSY32XMR-L2,COF NT-NT din imediato,0.3,0.2,0.4,
40TSY32XMR-L2,COF NT-NT din,0.4,0.2,0.65,
40TSY32XMR-L2,COF T-T din imediato,0.25,0.15,0.35,
40TSY32XMR-L2,COF T-T din,0.25,0.15,0.35,
40TSY32XMR-L2,Faixa de selagem NT-NT,105,,130,
40TSY32XMR-L2,Força de selagem INT,450,300,,
40TSY32XMR-L2,Força de selagem T-T,450,300,,
40TSY32XMR-L2,Encolhimento DM,3,,5,
40TSY32XMR-L2,Encolhimento DT,1,,3,
40TSY32XMR-L2,Brilho 45,90,75,,
40TSY32XMR-L2,Difusão,1.6,,3,
40TSY32XMR-L2,Força de tração DM,140,110,,
40TSY32XMR-L2,Força de tração DT,240,190,,
40TSY32XMR-L2,Alongamento DM,170,,260,
40TSY32XMR-L2,Alongamento DT,50,,100,
40TSY32XMR-L2,Módulo elástico DM,1300,,,
40TSY32XMR-L2,Módulo elástico DT,2100,,,
50TSY32XMR-L2,COF NT-NT din imediato,0.3,0.2,0.4,
50TSY32XMR-L2,COF NT-NT din,0.4,0.2,0.65,
50TSY32XMR-L2,COF T-T din imediato,0.25,0.15,0.35,
50TSY32XMR-L2,COF T-T din,0.25,0.15,0.35,
50TSY32XMR-L2,Faixa de selagem NT-NT,105,,130,
50TSY32XMR-L2,Força de selagem INT,450,300,,
50TSY32XMR-L2,Força de selagem T-T,450,300,,
50TSY32XMR-L2,Encolhimento DM,3,,5,
50TSY32XMR-L2,Encolhimento DT,1,,3,
50TSY32XMR-L2,Brilho 45,90,75,,
50TSY32XMR-L2,Difusão,1.6,,3,
50TSY32XMR-L2,Força de tração DM,140,110,,
50TSY32XMR-L2,Força de tração DT,240,190,,
50TSY32XMR-L2,Alongamento DM,170,,260,
50TSY32XMR-L2,Alongamento DT,50,,100,
50TSY32XMR-L2,Módulo elástico DM,1300,,,
50TSY32XMR-L2,Módulo elástico DT,2100,,,
45TSYL8232MR-EV,Espessura,45,42.8,47.3,
45TSYL8232MR-EV,Gramatura,40.7,38.7,42.8,
45TSYL8232MR-EV,COF NT-NT din imediato,0.3,0.25,0.4,
45TSYL8232MR-EV,COF NT-NT din,0.45,0.25,0.65,
45TSYL8232MR-EV,COF T-T din imediato,0.3,0.25,0.35,
45TSYL8232MR-EV,COF T-T din,0.33,0.25,0.4,
45TSYL8232MR-EV,Tensão superficial,42,38,46,
45TSYL8232MR-EV,Faixa de selagem NT-NT,70,,135,
45TSYL8232MR-EV,Faixa de selagem T-T,105,,117,
45TSYL8232MR-EV,Força de selagem INT,600,300,,
45TSYL8232MR-EV,Força de selagem T-T,600,300,,
45TSYL8232MR-EV,TIS NT-NT,70,,86,
45TSYL8232MR-EV,TIS T-T,105,100,117,
45TSYL8232MR-EV,Encolhimento DM,3,,5,
45TSYL8232MR-EV,Encolhimento DT,1,,3,
45TSYL8232MR-EV,Brilho 45,90,80,,
45TSYL8232MR-EV,Difusão,1.6,,3,
45TSYL8232MR-EV,Força de tração DM,140,120,,
45TSYL8232MR-EV,Força de tração DT,270,230,,
45TSYL8232MR-EV,Alongamento DM,210,,260,
45TSYL8232MR-EV,Alongamento DT,60,,80,
45TSYL8232MR-EV,Módulo elástico DM,1700,,,
45TSYL8232MR-EV,Módulo elástico DT,2500,,,
17TSYCMS32MR,Espessura,17,16.5,17.5,
17TSYCMS32MR,Gramatura,15.4,14.9,15.8,
17TSYCMS32MR,Alongamento DM,170,,185,
17TSYCMS32MR,Alongamento DT,50,,70,
17TSYCMS32MR,COF NT-NT din imediato,0.24,0.22,0.28,
17TSYCMS32MR,COF NT-NT din,0.45,0.3,0.65,
17TSYCMS32MR,COF T-T din imediato,0.25,0.22,0.28,
17TSYCMS32MR,COF T-T din,0.45,0.3,0.65,
17TSYCMS32MR,Tensão superficial,42,38,46,
17TSYCMS32MR,TIS NT-NT,105,100,108,
17TSYCMS32MR,TIS T-T,112,108,120,
17TSYCMS32MR,Encolhimento DM,3,,5,
17TSYCMS32MR,Encolhimento DT,1,,3,
17TSYCMS32MR,Brilho 45,90,80,,
17TSYCMS32MR,DIfusão,1.6,,3,
17TSYCMS32MR,Força de tração DM,140,130,,
17TSYCMS32MR,Força de tração DT,250,220,,
17TSYCMS32MR,Módulo elástico DM,1600,,,
17TSYCMS32MR,Módulo elástico DT,2600,,,
17TSYCMS32MR,Força de selagem,400,300,,
17TSYCMS32MR,Faixa de selagem,105,,130,
20TSYUHS32MR,Espessura,20,19.4,20.6,
20TSYUHS32MR,Gramatura,18.1,17.6,18.6,
20TSYUHS32MR,Alongamento DM,170,,185,
20TSYUHS32MR,Alongamento DT,50,,70,
20TSYUHS32MR,COF NT-NT din imediato,0.2,0.15,0.25,
20TSYUHS32MR,COF NT-NT din,0.25,0.2,0.35,
20TSYUHS32MR,COF T-T din imediato,0.2,0.15,0.25,
20TSYUHS32MR,COF T-T din,0.25,0.15,0.3,
20TSYUHS32MR,Tensão superficial,42,38,46,
20TSYUHS32MR,TIS NT-NT,105,100,108,
20TSYUHS32MR,TIS T-T,112,100,120,
20TSYUHS32MR,Encolhimento DM,3,,5,
20TSYUHS32MR,Encolhimento DT,1,,3,
20TSYUHS32MR,Brilho 45,90,85,,
20TSYUHS32MR,DIfusão,1.8,,2.5,
20TSYUHS32MR,Força de tração DM,150,130,,
20TSYUHS32MR,Força de tração DT,250,220,,
20TSYUHS32MR,Módulo elástico DM,1500,,,
20TSYUHS32MR,Módulo elástico DT,2700,,,
20TSYUHS32MR,Força de selagem,450,300,,
20TSYUHS32MR,Faixa de selagem,105,,130,
22TBPRLB32MR-L2,Espessura,31.4,30.5,32.4,
26TBPRLB32MR-L2,Espessura,37.1,36,38.2,
22TBPRLB32MR-L2,Gramatura,22,21.3,22.7,
26TBPRLB32MR-L2,Gramatura,26,25.2,26.8,
22TBPRLB32MR-L2,COF NT-NT din imediato,0.25,0.15,0.35,
22TBPRLB32MR-L2,COF NT-NT din,0.35,0.2,0.55,
22TBPRLB32MR-L2,COF T-T din imediato,0.2,0.13,0.28,
22TBPRLB32MR-L2,COF T-T din,0.3,0.2,0.45,
22TBPRLB32MR-L2,Tensão superficial,42,38,46,
22TBPRLB32MR-L2,Faixa de selagem,112,,130,
22TBPRLB32MR-L2,Força de selagem INT,500,300,,
22TBPRLB32MR-L2,Força de selagem T-T,500,300,,
22TBPRLB32MR-L2,TIS NT-NT,112,100,130,
22TBPRLB32MR-L2,TIS T-T,112,100,130,
22TBPRLB32MR-L2,Encolhimento DM,3,,5,
22TBPRLB32MR-L2,Encolhimento DT,1,,3,
22TBPRLB32MR-L2,Brilho 45,90,80,,
22TBPRLB32MR-L2,Opacidade,85,80,90,
22TBPRLB32MR-L2,Haze,24,19,29,
22TBPRLB32MR-L2,Força de tração DM,90,60,,
22TBPRLB32MR-L2,Força de tração DT,140,120,,
22TBPRLB32MR-L2,Alongamento DM,130,,160,
22TBPRLB32MR-L2,Alongamento DT,40,,55,
22TBPRLB32MR-L2,Módulo elástico DM,1300,,,
22TBPRLB32MR-L2,Módulo elástico DT,1900,,,
26TBPRLB32MR-L2,COF NT-NT din imediato,0.25,0.15,0.35,
26TBPRLB32MR-L2,COF NT-NT din,0.35,0.2,0.55,
26TBPRLB32MR-L2,COF T-T din imediato,0.2,0.13,0.28,
26TBPRLB32MR-L2,COF T-T din,0.3,0.2,0.45,
26TBPRLB32MR-L2,Tensão superficial,42,38,46,
26TBPRLB32MR-L2,Faixa de selagem,112,,130,
26TBPRLB32MR-L2,Força de selagem INT,500,300,,
26TBPRLB32MR-L2,Força de selagem T-T,500,300,,
26TBPRLB32MR-L2,TIS NT-NT,112,100,130,
26TBPRLB32MR-L2,TIS T-T,112,100,130,
26TBPRLB32MR-L2,Encolhimento DM,3,,5,
26TBPRLB32MR-L2,Encolhimento DT,1,,3,
26TBPRLB32MR-L2,Brilho 45,90,80,,
26TBPRLB32MR-L2,Opacidade,85,80,90,
26TBPRLB32MR-L2,Haze,24,19,29,
26TBPRLB32MR-L2,Força de tração DM,90,60,,
26TBPRLB32MR-L2,Força de tração DT,140,120,,
26TBPRLB32MR-L2,Alongamento DM,130,,160,
26TBPRLB32MR-L2,Alongamento DT,40,,55,
26TBPRLB32MR-L2,Módulo elástico DM,1300,,,
26TBPRLB32MR-L2,Módulo elástico DT,1900,,,
40TBPPSL22MR-L2,Espessura,58,55,61,
40TBPPSL22MR-L2,Gramatura,40,38,42,
40TBPPSL22MR-L2,COF NT-NT din imediato,0.5,0.35,0.7,
40TBPPSL22MR-L2,COF T-T din imediato,0.5,0.35,0.7,
40TBPPSL22MR-L2,COF NT-NT din,0.5,0.25,0.7,
40TBPPSL22MR-L2,COF T-T din,0.45,0.25,0.65,
40TBPPSL22MR-L2,Tensão superficial,42,38,46,
40TBPPSL22MR-L2,Força de selagem,800,300,,
40TBPPSL22MR-L2,Faixa de selagem,112,,130,
40TBPPSL22MR-L2,TIS NT-NT,112,100,120,
40TBPPSL22MR-L2,Encolhimento DM,3,,5,
40TBPPSL22MR-L2,Encolhimento DT,1,,3,
40TBPPSL22MR-L2,Brilho 45,18,,21,
40TBPPSL22MR-L2,Brilho Matte,92,77,,
40TBPPSL22MR-L2,Opacidade,90,82,96,
40TBPPSL22MR-L2,Haze,19,13,27,
40TBPPSL22MR-L2,Força de tração DM,80,65,,
40TBPPSL22MR-L2,Força de tração DT,160,120,,
40TBPPSL22MR-L2,Alongamento DM,200,,260,
40TBPPSL22MR-L2,Alongamento DT,45,,65,
40TBPPSL22MR-L2,Módulo elástico DM,900,,,
40TBPPSL22MR-L2,Módulo elástico DT,1200,,,
40TBPPSL23MR-L2,Espessura,58,55,61,
40TBPPSL23MR-L2,Gramatura,40,38,42,
40TBPPSL23MR-L2,COF NT-NT din imediato,0.5,0.35,0.7,
40TBPPSL23MR-L2,COF T-T din imediato,0.5,0.35,0.7,
40TBPPSL23MR-L2,COF NT-NT din,0.5,0.25,0.7,
40TBPPSL23MR-L2,COF T-T din,0.45,0.25,0.65,
40TBPPSL23MR-L2,Tensão superficial,42,38,46,
40TBPPSL23MR-L2,Força de selagem,800,300,,
40TBPPSL23MR-L2,Faixa de selagem,112,,130,
40TBPPSL23MR-L2,TIS NT-NT,112,100,120,
40TBPPSL23MR-L2,Encolhimento DM,3,,5,
40TBPPSL23MR-L2,Encolhimento DT,1,,3,
40TBPPSL23MR-L2,Brilho 45,18,,21,
40TBPPSL23MR-L2,Brilho Matte,92,77,,
40TBPPSL23MR-L2,Opacidade,90,82,96,
40TBPPSL23MR-L2,Haze,19,13,27,
40TBPPSL23MR-L2,Força de tração DM,80,65,,
40TBPPSL23MR-L2,Força de tração DT,160,120,,
40TBPPSL23MR-L2,Alongamento DM,200,,260,
40TBPPSL23MR-L2,Alongamento DT,45,,65,
40TBPPSL23MR-L2,Módulo elástico DM,900,,,
40TBPPSL23MR-L2,Módulo elástico DT,1200,,,
15TMS10,COF NT-NT din,0.35,0.2,0.4,
17TMS10,COF NT-NT din,0.35,0.2,0.4,
20TMS10,COF NT-NT din,0.35,0.2,0.4,
25TMS10,COF NT-NT din,0.35,0.2,0.4,
30TMS10,COF NT-NT din,0.35,0.2,0.4,
45TMS10,COF NT-NT din,0.35,0.2,0.4,
50TMS10,COF NT-NT din,0.35,0.2,0.4,
25TSBL8212MR-L3,Espessura,24.4,23.7,25,
25TSBL8212MR-L3,Gramatura,22.1,21.4,22.6,
25TSBL8212MR-L3,COF NT-NT din imediato,0.3,0.2,0.4,
25TSBL8212MR-L3,COF NT-NT din,0.3,0.2,0.4,
25TSBL8212MR-L3,Tensão superficial,42,38,46,
25TSBL8212MR-L3,Força de selagem,450,300,,
25TSBL8212MR-L3,Faixa de selagem NT-NT,82,,130,
25TSBL8212MR-L3,TIS NT-NT,82,,86,
25TSBL8212MR-L3,Encolhimento DM,3,,5,
25TSBL8212MR-L3,Encolhimento DT,1,,3,
25TSBL8212MR-L3,Brilho 45,95,80,,
25TSBL8212MR-L3,DIfusão,1.3,,3,
25TSBL8212MR-L3,Força de tração DM,150,140,,
25TSBL8212MR-L3,Força de tração DT,260,240,,
25TSBL8212MR-L3,Alongamento DM,180,,195,
25TSBL8212MR-L3,Alongamento DT,50,,70,
25TSBL8212MR-L3,Módulo elástico DM,1500,,,
25TSBL8212MR-L3,Módulo elástico DT,2300,,,
17TSY32MR-L3,Espessura,17,16.5,17.5,
17TSY32MR-L3,Gramatura,15.4,14.9,15.8,
17TSY32MR-L3,Alongamento DM,170,,185,
17TSY32MR-L3,Alongamento DT,50,,70,
17TSY32MR-L3,COF NT-NT din imediato,0.35,0.2,0.4,
17TSY32MR-L3,COF NT-NT din,0.4,0.2,0.65,
17TSY32MR-L3,COF T-T din imediato,0.25,0.2,0.3,
17TSY32MR-L3,COF T-T din,0.25,0.2,0.3,
17TSY32MR-L3,Tensão superficial,42,38,46,
17TSY32MR-L3,TIS NT-NT,105,,108,
17TSY32MR-L3,TIS T-T,112,,120,
17TSY32MR-L3,Encolhimento DM,3,,5,
17TSY32MR-L3,Encolhimento DT,1,,3,
17TSY32MR-L3,Brilho 45,90,80,,
17TSY32MR-L3,DIfusão,1.6,,3,
17TSY32MR-L3,Força de tração DM,140,130,,
17TSY32MR-L3,Força de tração DT,240,220,,
17TSY32MR-L3,Módulo elástico DM,1700,,,
17TSY32MR-L3,Módulo elástico DT,2500,,,
17TSY32MR-L3,Força de selagem,400,300,,
17TSY32MR-L3,Faixa de selagem,105,,130,
20TSY32MR-L2,Espessura,20,19.4,20.6,
20TSY32MR-L2,Gramatura,18.1,17.6,18.6,
20TSY32MR-L2,Alongamento DM,170,,185,
20TSY32MR-L2,Alongamento DT,50,,70,
20TSY32MR-L2,COF NT-NT din imediato,0.35,0.2,0.4,
20TSY32MR-L2,COF NT-NT din,0.4,0.2,0.65,
20TSY32MR-L2,COF T-T din imediato,0.25,0.2,0.3,
20TSY32MR-L2,COF T-T din,0.25,0.2,0.3,
20TSY32MR-L2,Tensão superficial,42,38,46,
20TSY32MR-L2,TIS NT-NT,105,,108,
20TSY32MR-L2,TIS T-T,112,,120,
20TSY32MR-L2,Encolhimento DM,3,,5,
20TSY32MR-L2,Encolhimento DT,1,,3,
20TSY32MR-L2,Brilho 45,90,80,,
20TSY32MR-L2,DIfusão,1.6,,3,
20TSY32MR-L2,Força de tração DM,140,130,,
20TSY32MR-L2,Força de tração DT,240,220,,
20TSY32MR-L2,Módulo elástico DM,1700,,,
20TSY32MR-L2,Módulo elástico DT,2500,,,
20TSY32MR-L2,Força de selagem,450,300,,
20TSY32MR-L2,Faixa de selagem,105,,130,
20TSY32MR-L3,Espessura,20,19.4,20.6,
20TSY32MR-L3,Gramatura,18.1,17.6,18.6,
20TSY32MR-L3,Alongamento DM,170,,185,
20TSY32MR-L3,Alongamento DT,50,,70,
20TSY32MR-L3,COF NT-NT din imediato,0.35,0.2,0.4,
20TSY32MR-L3,COF NT-NT din,0.4,0.2,0.65,
20TSY32MR-L3,COF T-T din imediato,0.25,0.2,0.3,
20TSY32MR-L3,COF T-T din,0.25,0.2,0.3,
20TSY32MR-L3,Tensão superficial,42,38,46,
20TSY32MR-L3,TIS NT-NT,105,,108,
20TSY32MR-L3,TIS T-T,112,,120,
20TSY32MR-L3,Encolhimento DM,3,,5,
20TSY32MR-L3,Encolhimento DT,1,,3,
20TSY32MR-L3,Brilho 45,90,80,,
20TSY32MR-L3,DIfusão,1.6,,3,
20TSY32MR-L3,Força de tração DM,140,130,,
20TSY32MR-L3,Força de tração DT,240,220,,
20TSY32MR-L3,Módulo elástico DM,1700,,,
20TSY32MR-L3,Módulo elástico DT,2500,,,
20TSY32MR-L3,Força de selagem,450,300,,
20TSY32MR-L3,Faixa de selagem,105,,130,
35TSY32MR-L3,Espessura,35,34,36.1,
35TSY32MR-L3,Gramatura,31.7,30.7,32.6,
35TSY32MR-L3,Alongamento DM,180,,205,
35TSY32MR-L3,Alongamento DT,60,,80,
35TSY32MR-L3,COF NT-NT din imediato,0.35,0.2,0.4,
35TSY32MR-L3,COF NT-NT din,0.4,0.2,0.65,
35TSY32MR-L3,COF T-T din imediato,0.25,0.2,0.3,
35TSY32MR-L3,COF T-T din,0.25,0.2,0.3,
35TSY32MR-L3,Tensão superficial,42,38,46,
35TSY32MR-L3,TIS NT-NT,105,,108,
35TSY32MR-L3,TIS T-T,112,,120,
35TSY32MR-L3,Encolhimento DM,3,,5,
35TSY32MR-L3,Encolhimento DT,1,,3,
35TSY32MR-L3,Brilho 45,90,80,,
35TSY32MR-L3,DIfusão,1.6,,3,
35TSY32MR-L3,Força de tração DM,140,130,,
35TSY32MR-L3,Força de tração DT,240,220,,
35TSY32MR-L3,Módulo elástico DM,1700,,,
35TSY32MR-L3,Módulo elástico DT,2500,,,
35TSY32MR-L3,Força de selagem,550,300,,
35TSY32MR-L3,Faixa de selagem,105,,130,
40TSY32MR-L3,Espessura,40,38.8,41.2,
40TSY32MR-L3,Gramatura,36.2,35.1,37.3,
40TSY32MR-L3,Alongamento DM,180,,205,
40TSY32MR-L3,Alongamento DT,60,,80,
40TSY32MR-L3,COF NT-NT din imediato,0.35,0.2,0.4,
40TSY32MR-L3,COF NT-NT din,0.4,0.2,0.65,
40TSY32MR-L3,COF T-T din imediato,0.25,0.2,0.3,
40TSY32MR-L3,COF T-T din,0.25,0.2,0.3,
40TSY32MR-L3,Tensão superficial,42,38,46,
40TSY32MR-L3,TIS NT-NT,105,,108,
40TSY32MR-L3,TIS T-T,112,,120,
40TSY32MR-L3,Encolhimento DM,3,,5,
40TSY32MR-L3,Encolhimento DT,1,,3,
40TSY32MR-L3,Brilho 45,90,80,,
40TSY32MR-L3,DIfusão,1.6,,3,
40TSY32MR-L3,Força de tração DM,140,130,,
40TSY32MR-L3,Força de tração DT,240,220,,
40TSY32MR-L3,Módulo elástico DM,1700,,,
40TSY32MR-L3,Módulo elástico DT,2500,,,
40TSY32MR-L3,Força de selagem,580,300,,
40TSY32MR-L3,Faixa de selagem,105,,130,
50TSY32MR-L3,Espessura,50,48.5,51.5,
50TSY32MR-L3,Gramatura,45.3,43.9,46.6,
50TSY32MR-L3,Alongamento DM,220,,260,
50TSY32MR-L3,Alongamento DT,60,,80,
50TSY32MR-L3,COF NT-NT din imediato,0.35,0.2,0.4,
50TSY32MR-L3,COF NT-NT din,0.4,0.2,0.65,
50TSY32MR-L3,COF T-T din imediato,0.25,0.2,0.3,
50TSY32MR-L3,COF T-T din,0.25,0.2,0.3,
50TSY32MR-L3,Tensão superficial,42,38,46,
50TSY32MR-L3,TIS NT-NT,105,,108,
50TSY32MR-L3,TIS T-T,112,,120,
50TSY32MR-L3,Encolhimento DM,3,,5,
50TSY32MR-L3,Encolhimento DT,1,,3,
50TSY32MR-L3,Brilho 45,90,80,,
50TSY32MR-L3,DIfusão,1.6,,3,
50TSY32MR-L3,Força de tração DM,140,130,,
50TSY32MR-L3,Força de tração DT,240,220,,
50TSY32MR-L3,Módulo elástico DM,1700,,,
50TSY32MR-L3,Módulo elástico DT,2500,,,
50TSY32MR-L3,Força de selagem,600,300,,
50TSY32MR-L3,Faixa de selagem,105,,130,
20TSYHTS32MR-L2,Espessura,20,19.4,,
20TSYHTS32MR-L2,Gramatura,18.1,17.6,,
20TSYHTS32MR-L2,COF NT-NT din imediato,0.22,0.13,0.27,
20TSYHTS32MR-L2,COF NT-NT din,0.3,0.2,0.55,
20TSYHTS32MR-L2,COF T-T din imediato,0.2,0.13,0.25,
20TSYHTS32MR-L2,COF T-T din,0.3,0.2,0.45,
20TSYHTS32MR-L2,Tensão superficial,42,38,46,
20TSYHTS32MR-L2,Faixa de selagem NT-NT,105,,130,
20TSYHTS32MR-L2,Força de selagem INT,450,300,,
20TSYHTS32MR-L2,TIS NT-NT,105,100,108,
20TSYHTS32MR-L2,TIS T-T,112,100,120,
20TSYHTS32MR-L2,Encolhimento DM,3,,5,
20TSYHTS32MR-L2,Encolhimento DT,1,,3,
20TSYHTS32MR-L2,Brilho 45,90,85,,
20TSYHTS32MR-L2,Difusão,1.6,,2.5,
20TSYHTS32MR-L2,Força de tração DM,150,130,,
20TSYHTS32MR-L2,Força de tração DT,270,220,,
20TSYHTS32MR-L2,Alongamento DM,185,,205,
20TSYHTS32MR-L2,Alongamento DT,40,,70,
20TSYHTS32MR-L2,Módulo elástico DM,1500,,,
20TSYHTS32MR-L2,Módulo elástico DT,2700,,,
20TSYHTS32MR-L2,TPVA,8.5,,9.5,
20TSYHTS32MR-L2,TPO2,2900,,3200,
20TSYHTS32MR-L3,Espessura,20,19.4,,
20TSYHTS32MR-L3,Gramatura,18.1,17.6,,
20TSYHTS32MR-L3,COF NT-NT din imediato,0.22,0.13,0.27,
20TSYHTS32MR-L3,COF NT-NT din,0.3,0.2,0.55,
20TSYHTS32MR-L3,COF T-T din imediato,0.2,0.13,0.25,
20TSYHTS32MR-L3,COF T-T din,0.3,0.2,0.45,
20TSYHTS32MR-L3,Tensão superficial,42,38,46,
20TSYHTS32MR-L3,Faixa de selagem NT-NT,105,,130,
20TSYHTS32MR-L3,Força de selagem INT,450,300,,
20TSYHTS32MR-L3,TIS NT-NT,105,100,108,
20TSYHTS32MR-L3,TIS T-T,112,100,120,
20TSYHTS32MR-L3,Encolhimento DM,3,,5,
20TSYHTS32MR-L3,Encolhimento DT,1,,3,
20TSYHTS32MR-L3,Brilho 45,90,85,,
20TSYHTS32MR-L3,Difusão,1.6,,2.5,
20TSYHTS32MR-L3,Força de tração DM,150,130,,
20TSYHTS32MR-L3,Força de tração DT,270,220,,
20TSYHTS32MR-L3,Alongamento DM,185,,205,
20TSYHTS32MR-L3,Alongamento DT,40,,70,
20TSYHTS32MR-L3,Módulo elástico DM,1500,,,
20TSYHTS32MR-L3,Módulo elástico DT,2700,,,
20TSYHTS32MR-L3,TPVA,8.5,,9.5,
20TSYHTS32MR-L3,TPO2,2900,,3200,
20TSYUHS32MR-L2,Espessura,20,19.4,20.6,
20TSYUHS32MR-L2,Gramatura,18.1,17.6,18.6,
20TSYUHS32MR-L2,Alongamento DM,170,,185,
20TSYUHS32MR-L2,Alongamento DT,50,,70,
20TSYUHS32MR-L2,COF NT-NT din imediato,0.2,0.15,0.25,
20TSYUHS32MR-L2,COF NT-NT din,0.25,0.2,0.35,
20TSYUHS32MR-L2,COF T-T din imediato,0.2,0.15,0.25,
20TSYUHS32MR-L2,COF T-T din,0.25,0.15,0.3,
20TSYUHS32MR-L2,Tensão superficial,42,38,46,
20TSYUHS32MR-L2,TIS NT-NT,105,100,108,
20TSYUHS32MR-L2,TIS T-T,112,100,120,
20TSYUHS32MR-L2,Encolhimento DM,3,,5,
20TSYUHS32MR-L2,Encolhimento DT,1,,3,
20TSYUHS32MR-L2,Brilho 45,90,85,,
20TSYUHS32MR-L2,DIfusão,1.8,,2.5,
20TSYUHS32MR-L2,Força de tração DM,150,130,,
20TSYUHS32MR-L2,Força de tração DT,250,220,,
20TSYUHS32MR-L2,Módulo elástico DM,1500,,,
20TSYUHS32MR-L2,Módulo elástico DT,2700,,,
20TSYUHS32MR-L2,Força de selagem,450,300,,
20TSYUHS32MR-L2,Faixa de selagem,105,,130,
20TSYUHS32MR-L3,Espessura,20,19.4,20.6,
20TSYUHS32MR-L3,Gramatura,18.1,17.6,18.6,
20TSYUHS32MR-L3,Alongamento DM,170,,185,
20TSYUHS32MR-L3,Alongamento DT,50,,70,
20TSYUHS32MR-L3,COF NT-NT din imediato,0.2,0.15,0.25,
20TSYUHS32MR-L3,COF NT-NT din,0.25,0.2,0.35,
20TSYUHS32MR-L3,COF T-T din imediato,0.2,0.15,0.25,
20TSYUHS32MR-L3,COF T-T din,0.25,0.15,0.3,
20TSYUHS32MR-L3,Tensão superficial,42,38,46,
20TSYUHS32MR-L3,TIS NT-NT,105,100,108,
20TSYUHS32MR-L3,TIS T-T,112,100,120,
20TSYUHS32MR-L3,Encolhimento DM,3,,5,
20TSYUHS32MR-L3,Encolhimento DT,1,,3,
20TSYUHS32MR-L3,Brilho 45,90,85,,
20TSYUHS32MR-L3,DIfusão,1.8,,2.5,
20TSYUHS32MR-L3,Força de tração DM,150,130,,
20TSYUHS32MR-L3,Força de tração DT,250,220,,
20TSYUHS32MR-L3,Módulo elástico DM,1500,,,
20TSYUHS32MR-L3,Módulo elástico DT,2700,,,
20TSYUHS32MR-L3,Força de selagem,450,300,,
20TSYUHS32MR-L3,Faixa de selagem,105,,130,
17TSY32XMR,Espessura,17,16.5,17.5,
17TSY32XMR,Gramatura,15.4,14.9,15.8,
17TSY32XMR,COF NT-NT din imediato,0.3,0.2,0.4,
17TSY32XMR,COF NT-NT din,0.4,0.2,0.65,
17TSY32XMR,COF T-T din imediato,0.25,0.15,0.35,
17TSY32XMR,COF T-T din,0.25,0.15,0.35,
17TSY32XMR,Faixa de selagem NT-NT,105,,130,
17TSY32XMR,Força de selagem INT,450,300,,
17TSY32XMR,Força de selagem T-T,450,300,,
17TSY32XMR,Encolhimento DM,3,,5,
17TSY32XMR,Encolhimento DT,1,,3,
17TSY32XMR,Brilho 45,90,75,,
17TSY32XMR,Difusão,1.6,,3,
17TSY32XMR,Força de tração DM,140,110,,
17TSY32XMR,Força de tração DT,240,190,,
17TSY32XMR,Alongamento DM,170,,260,
17TSY32XMR,Alongamento DT,50,,100,
17TSY32XMR,Módulo elástico DM,1300,,,
17TSY32XMR,Módulo elástico DT,2100,,,
17TSY32XMR-L3,Espessura,17,16.5,17.5,
17TSY32XMR-L3,Gramatura,15.4,14.9,15.8,
17TSY32XMR-L3,COF NT-NT din imediato,0.3,0.2,0.4,
17TSY32XMR-L3,COF NT-NT din,0.4,0.2,0.65,
17TSY32XMR-L3,COF T-T din imediato,0.25,0.15,0.35,
17TSY32XMR-L3,COF T-T din,0.25,0.15,0.35,
17TSY32XMR-L3,Faixa de selagem NT-NT,105,,130,
17TSY32XMR-L3,Força de selagem INT,450,300,,
17TSY32XMR-L3,Força de selagem T-T,450,300,,
17TSY32XMR-L3,Encolhimento DM,3,,5,
17TSY32XMR-L3,Encolhimento DT,1,,3,
17TSY32XMR-L3,Brilho 45,90,75,,
17TSY32XMR-L3,Difusão,1.6,,3,
17TSY32XMR-L3,Força de tração DM,140,110,,
17TSY32XMR-L3,Força de tração DT,240,190,,
17TSY32XMR-L3,Alongamento DM,170,,260,
17TSY32XMR-L3,Alongamento DT,50,,100,
17TSY32XMR-L3,Módulo elástico DM,1300,,,
17TSY32XMR-L3,Módulo elástico DT,2100,,,
20TSY32XMR,Espessura,20,19.4,20.6,
20TSY32XMR,Gramatura,18.1,17.6,18.6,
20TSY32XMR,COF NT-NT din imediato,0.3,0.2,0.4,
20TSY32XMR,COF NT-NT din,0.4,0.2,0.65,
20TSY32XMR,COF T-T din imediato,0.25,0.15,0.35,
20TSY32XMR,COF T-T din,0.25,0.15,0.35,
20TSY32XMR,Faixa de selagem NT-NT,105,,130,
20TSY32XMR,Força de selagem INT,450,300,,
20TSY32XMR,Força de selagem T-T,450,300,,
20TSY32XMR,Encolhimento DM,3,,5,
20TSY32XMR,Encolhimento DT,1,,3,
20TSY32XMR,Brilho 45,90,75,,
20TSY32XMR,Difusão,1.6,,3,
20TSY32XMR,Força de tração DM,140,110,,
20TSY32XMR,Força de tração DT,240,190,,
20TSY32XMR,Alongamento DM,170,,260,
20TSY32XMR,Alongamento DT,50,,100,
20TSY32XMR,Módulo elástico DM,1300,,,
20TSY32XMR,Módulo elástico DT,2100,,,
20TSY32XMR-L3,Espessura,20,19.4,20.6,
20TSY32XMR-L3,Gramatura,18.1,17.6,18.6,
20TSY32XMR-L3,COF NT-NT din imediato,0.3,0.2,0.4,
20TSY32XMR-L3,COF NT-NT din,0.4,0.2,0.65,
20TSY32XMR-L3,COF T-T din imediato,0.25,0.15,0.35,
20TSY32XMR-L3,COF T-T din,0.25,0.15,0.35,
20TSY32XMR-L3,Faixa de selagem NT-NT,105,,130,
20TSY32XMR-L3,Força de selagem INT,450,300,,
20TSY32XMR-L3,Força de selagem T-T,450,300,,
20TSY32XMR-L3,Encolhimento DM,3,,5,
20TSY32XMR-L3,Encolhimento DT,1,,3,
20TSY32XMR-L3,Brilho 45,90,75,,
20TSY32XMR-L3,Difusão,1.6,,3,
20TSY32XMR-L3,Força de tração DM,140,110,,
20TSY32XMR-L3,Força de tração DT,240,190,,
20TSY32XMR-L3,Alongamento DM,170,,260,
20TSY32XMR-L3,Alongamento DT,50,,100,
20TSY32XMR-L3,Módulo elástico DM,1300,,,
20TSY32XMR-L3,Módulo elástico DT,2100,,,
25TSY32XMR-L3,Espessura,25,24.3,25.8,
25TSY32XMR-L3,Gramatura,22.6,21.9,23.3,
25TSY32XMR-L3,COF NT-NT din imediato,0.3,0.2,0.4,
25TSY32XMR-L3,COF NT-NT din,0.4,0.2,0.65,
25TSY32XMR-L3,COF T-T din imediato,0.25,0.15,0.35,
25TSY32XMR-L3,COF T-T din,0.25,0.15,0.35,
25TSY32XMR-L3,Faixa de selagem NT-NT,105,,130,
25TSY32XMR-L3,Força de selagem INT,450,300,,
25TSY32XMR-L3,Força de selagem T-T,450,300,,
25TSY32XMR-L3,Encolhimento DM,3,,5,
25TSY32XMR-L3,Encolhimento DT,1,,3,
25TSY32XMR-L3,Brilho 45,90,75,,
25TSY32XMR-L3,Difusão,1.6,,3,
25TSY32XMR-L3,Força de tração DM,140,110,,
25TSY32XMR-L3,Força de tração DT,240,190,,
25TSY32XMR-L3,Alongamento DM,170,,260,
25TSY32XMR-L3,Alongamento DT,50,,100,
25TSY32XMR-L3,Módulo elástico DM,1300,,,
25TSY32XMR-L3,Módulo elástico DT,2100,,,
25TSY32XMR,Espessura,25,24.3,25.8,
25TSY32XMR,Gramatura,22.6,21.9,23.3,
25TSY32XMR,COF NT-NT din imediato,0.3,0.2,0.4,
25TSY32XMR,COF NT-NT din,0.4,0.2,0.65,
25TSY32XMR,COF T-T din imediato,0.25,0.15,0.35,
25TSY32XMR,COF T-T din,0.25,0.15,0.35,
25TSY32XMR,Faixa de selagem NT-NT,105,,130,
25TSY32XMR,Força de selagem INT,450,300,,
25TSY32XMR,Força de selagem T-T,450,300,,
25TSY32XMR,Encolhimento DM,3,,5,
25TSY32XMR,Encolhimento DT,1,,3,
25TSY32XMR,Brilho 45,90,75,,
25TSY32XMR,Difusão,1.6,,3,
25TSY32XMR,Força de tração DM,140,110,,
25TSY32XMR,Força de tração DT,240,190,,
25TSY32XMR,Alongamento DM,170,,260,
25TSY32XMR,Alongamento DT,50,,100,
25TSY32XMR,Módulo elástico DM,1300,,,
25TSY32XMR,Módulo elástico DT,2100,,,
30TSY32XMR-L3,Espessura,30,29.1,30.9,
30TSY32XMR-L3,Gramatura,27.2,26.3,28,
30TSY32XMR-L3,COF NT-NT din imediato,0.3,0.2,0.4,
30TSY32XMR-L3,COF NT-NT din,0.4,0.2,0.65,
30TSY32XMR-L3,COF T-T din imediato,0.25,0.15,0.35,
30TSY32XMR-L3,COF T-T din,0.25,0.15,0.35,
30TSY32XMR-L3,Faixa de selagem NT-NT,105,,130,
30TSY32XMR-L3,Força de selagem INT,450,300,,
30TSY32XMR-L3,Força de selagem T-T,450,300,,
30TSY32XMR-L3,Encolhimento DM,3,,5,
30TSY32XMR-L3,Encolhimento DT,1,,3,
30TSY32XMR-L3,Brilho 45,90,75,,
30TSY32XMR-L3,Difusão,1.6,,3,
30TSY32XMR-L3,Força de tração DM,140,110,,
30TSY32XMR-L3,Força de tração DT,240,190,,
30TSY32XMR-L3,Alongamento DM,170,,260,
30TSY32XMR-L3,Alongamento DT,50,,100,
30TSY32XMR-L3,Módulo elástico DM,1300,,,
30TSY32XMR-L3,Módulo elástico DT,2100,,,
30TSY32XMR,Espessura,30,29.1,30.9,
30TSY32XMR,Gramatura,27.2,26.3,28,
30TSY32XMR,COF NT-NT din imediato,0.3,0.2,0.4,
30TSY32XMR,COF NT-NT din,0.4,0.2,0.65,
30TSY32XMR,COF T-T din imediato,0.25,0.15,0.35,
30TSY32XMR,COF T-T din,0.25,0.15,0.35,
30TSY32XMR,Faixa de selagem NT-NT,105,,130,
30TSY32XMR,Força de selagem INT,450,300,,
30TSY32XMR,Força de selagem T-T,450,300,,
30TSY32XMR,Encolhimento DM,3,,5,
30TSY32XMR,Encolhimento DT,1,,3,
30TSY32XMR,Brilho 45,90,75,,
30TSY32XMR,Difusão,1.6,,3,
30TSY32XMR,Força de tração DM,140,110,,
30TSY32XMR,Força de tração DT,240,190,,
30TSY32XMR,Alongamento DM,170,,260,
30TSY32XMR,Alongamento DT,50,,100,
30TSY32XMR,Módulo elástico DM,1300,,,
30TSY32XMR,Módulo elástico DT,2100,,,
40TSY32XMR,Espessura,40,38.8,41.2,
40TSY32XMR,Gramatura,36.2,35.1,37.3,
40TSY32XMR,COF NT-NT din imediato,0.3,0.2,0.4,
40TSY32XMR,COF NT-NT din,0.4,0.2,0.65,
40TSY32XMR,COF T-T din imediato,0.25,0.15,0.35,
40TSY32XMR,COF T-T din,0.25,0.15,0.35,
40TSY32XMR,Faixa de selagem NT-NT,105,,130,
40TSY32XMR,Força de selagem INT,450,300,,
40TSY32XMR,Força de selagem T-T,450,300,,
40TSY32XMR,Encolhimento DM,3,,5,
40TSY32XMR,Encolhimento DT,1,,3,
40TSY32XMR,Brilho 45,90,75,,
40TSY32XMR,Difusão,1.6,,3,
40TSY32XMR,Força de tração DM,140,110,,
40TSY32XMR,Força de tração DT,240,190,,
40TSY32XMR,Alongamento DM,170,,260,
40TSY32XMR,Alongamento DT,50,,100,
40TSY32XMR,Módulo elástico DM,1300,,,
40TSY32XMR,Módulo elástico DT,2100,,,
40TSY32XMR-L3,Espessura,40,38.8,41.2,
40TSY32XMR-L3,Gramatura,36.2,35.1,37.3,
40TSY32XMR-L3,COF NT-NT din imediato,0.3,0.2,0.4,
40TSY32XMR-L3,COF NT-NT din,0.4,0.2,0.65,
40TSY32XMR-L3,COF T-T din imediato,0.25,0.15,0.35,
40TSY32XMR-L3,COF T-T din,0.25,0.15,0.35,
40TSY32XMR-L3,Faixa de selagem NT-NT,105,,130,
40TSY32XMR-L3,Força de selagem INT,450,300,,
40TSY32XMR-L3,Força de selagem T-T,450,300,,
40TSY32XMR-L3,Encolhimento DM,3,,5,
40TSY32XMR-L3,Encolhimento DT,1,,3,
40TSY32XMR-L3,Brilho 45,90,75,,
40TSY32XMR-L3,Difusão,1.6,,3,
40TSY32XMR-L3,Força de tração DM,140,110,,
40TSY32XMR-L3,Força de tração DT,240,190,,
40TSY32XMR-L3,Alongamento DM,170,,260,
40TSY32XMR-L3,Alongamento DT,50,,100,
40TSY32XMR-L3,Módulo elástico DM,1300,,,
40TSY32XMR-L3,Módulo elástico DT,2100,,,
50TSY32XMR-L3,Espessura,50,48.5,51.5,
50TSY32XMR-L3,Gramatura,45.3,43.9,46.6,
50TSY32XMR-L3,COF NT-NT din imediato,0.3,0.2,0.4,
50TSY32XMR-L3,COF NT-NT din,0.4,0.2,0.65,
50TSY32XMR-L3,COF T-T din imediato,0.25,0.15,0.35,
50TSY32XMR-L3,COF T-T din,0.25,0.15,0.35,
50TSY32XMR-L3,Faixa de selagem NT-NT,105,,130,
50TSY32XMR-L3,Força de selagem INT,450,300,,
50TSY32XMR-L3,Força de selagem T-T,450,300,,
50TSY32XMR-L3,Encolhimento DM,3,,5,
50TSY32XMR-L3,Encolhimento DT,1,,3,
50TSY32XMR-L3,Brilho 45,90,75,,
50TSY32XMR-L3,Difusão,1.6,,3,
50TSY32XMR-L3,Força de tração DM,140,110,,
50TSY32XMR-L3,Força de tração DT,240,190,,
50TSY32XMR-L3,Alongamento DM,170,,260,
50TSY32XMR-L3,Alongamento DT,50,,100,
50TSY32XMR-L3,Módulo elástico DM,1300,,,
50TSY32XMR-L3,Módulo elástico DT,2100,,,
50TSY32XMR,Espessura,50,48.5,51.5,
50TSY32XMR,Gramatura,45.3,43.9,46.6,
50TSY32XMR,COF NT-NT din imediato,0.3,0.2,0.4,
50TSY32XMR,COF NT-NT din,0.4,0.2,0.65,
50TSY32XMR,COF T-T din imediato,0.25,0.15,0.35,
50TSY32XMR,COF T-T din,0.25,0.15,0.35,
50TSY32XMR,Faixa de selagem NT-NT,105,,130,
50TSY32XMR,Força de selagem INT,450,300,,
50TSY32XMR,Força de selagem T-T,450,300,,
50TSY32XMR,Encolhimento DM,3,,5,
50TSY32XMR,Encolhimento DT,1,,3,
50TSY32XMR,Brilho 45,90,75,,
50TSY32XMR,Difusão,1.6,,3,
50TSY32XMR,Força de tração DM,140,110,,
50TSY32XMR,Força de tração DT,240,190,,
50TSY32XMR,Alongamento DM,170,,260,
50TSY32XMR,Alongamento DT,50,,100,
50TSY32XMR,Módulo elástico DM,1300,,,
50TSY32XMR,Módulo elástico DT,2100,,,
15TMS10,Densidade Óptica,2.2,2,,
17TMS10,Densidade Óptica,2.2,2,,
20TMS10,Densidade Óptica,2.2,2,,
25TMS10,Densidade Óptica,2.2,2,,
30TMS10,Densidade Óptica,2.2,2,,
50TMS10,Densidade Óptica,2.2,2,,